
C:\Users\beshoy\Desktop\fire_detection_project_7\FIRMWARE\release\PROJECT.elf:     file format elf32-avr

Sections:
Idx Name          Size      VMA       LMA       File off  Algn
  0 .text         0000152a  00000000  00000000  00000094  2**1
                  CONTENTS, ALLOC, LOAD, READONLY, CODE
  1 .data         00000130  00800060  0000152a  000015be  2**0
                  CONTENTS, ALLOC, LOAD, DATA
  2 .bss          00000018  00800190  00800190  000016ee  2**0
                  ALLOC
  3 .comment      0000002f  00000000  00000000  000016ee  2**0
                  CONTENTS, READONLY
  4 .note.gnu.avr.deviceinfo 0000003c  00000000  00000000  00001720  2**2
                  CONTENTS, READONLY, OCTETS
  5 .debug_info   000004e6  00000000  00000000  0000175c  2**0
                  CONTENTS, READONLY, DEBUGGING, OCTETS
  6 .debug_abbrev 000004a3  00000000  00000000  00001c42  2**0
                  CONTENTS, READONLY, DEBUGGING, OCTETS
  7 .debug_line   0000001d  00000000  00000000  000020e5  2**0
                  CONTENTS, READONLY, DEBUGGING, OCTETS
  8 .debug_str    00000196  00000000  00000000  00002102  2**0
                  CONTENTS, READONLY, DEBUGGING, OCTETS

Disassembly of section .text:

00000000 <__vectors>:
       0:	0c 94 2a 00 	jmp	0x54	; 0x54 <__ctors_end>
       4:	0c 94 1b 08 	jmp	0x1036	; 0x1036 <__vector_1>
       8:	0c 94 47 00 	jmp	0x8e	; 0x8e <__bad_interrupt>
       c:	0c 94 47 00 	jmp	0x8e	; 0x8e <__bad_interrupt>
      10:	0c 94 47 00 	jmp	0x8e	; 0x8e <__bad_interrupt>
      14:	0c 94 47 00 	jmp	0x8e	; 0x8e <__bad_interrupt>
      18:	0c 94 47 00 	jmp	0x8e	; 0x8e <__bad_interrupt>
      1c:	0c 94 47 00 	jmp	0x8e	; 0x8e <__bad_interrupt>
      20:	0c 94 47 00 	jmp	0x8e	; 0x8e <__bad_interrupt>
      24:	0c 94 47 00 	jmp	0x8e	; 0x8e <__bad_interrupt>
      28:	0c 94 89 08 	jmp	0x1112	; 0x1112 <__vector_10>
      2c:	0c 94 b2 08 	jmp	0x1164	; 0x1164 <__vector_11>
      30:	0c 94 47 00 	jmp	0x8e	; 0x8e <__bad_interrupt>
      34:	0c 94 47 00 	jmp	0x8e	; 0x8e <__bad_interrupt>
      38:	0c 94 47 00 	jmp	0x8e	; 0x8e <__bad_interrupt>
      3c:	0c 94 47 00 	jmp	0x8e	; 0x8e <__bad_interrupt>
      40:	0c 94 47 00 	jmp	0x8e	; 0x8e <__bad_interrupt>
      44:	0c 94 47 00 	jmp	0x8e	; 0x8e <__bad_interrupt>
      48:	0c 94 47 00 	jmp	0x8e	; 0x8e <__bad_interrupt>
      4c:	0c 94 47 00 	jmp	0x8e	; 0x8e <__bad_interrupt>
      50:	0c 94 47 00 	jmp	0x8e	; 0x8e <__bad_interrupt>

00000054 <__ctors_end>:
      54:	11 24       	eor	r1, r1
      56:	1f be       	out	0x3f, r1	; 63
      58:	cf e5       	ldi	r28, 0x5F	; 95
      5a:	d8 e0       	ldi	r29, 0x08	; 8
      5c:	de bf       	out	0x3e, r29	; 62
      5e:	cd bf       	out	0x3d, r28	; 61

00000060 <__do_copy_data>:
      60:	11 e0       	ldi	r17, 0x01	; 1

00000062 <.Loc.1>:
      62:	a0 e6       	ldi	r26, 0x60	; 96

00000064 <.Loc.2>:
      64:	b0 e0       	ldi	r27, 0x00	; 0

00000066 <.Loc.3>:
      66:	ea e2       	ldi	r30, 0x2A	; 42

00000068 <.Loc.4>:
      68:	f5 e1       	ldi	r31, 0x15	; 21

0000006a <.Loc.5>:
      6a:	02 c0       	rjmp	.+4      	; 0x70 <.L__do_copy_data_start>

0000006c <.L__do_copy_data_loop>:
      6c:	05 90       	lpm	r0, Z+

0000006e <.Loc.7>:
      6e:	0d 92       	st	X+, r0

00000070 <.L__do_copy_data_start>:
      70:	a0 39       	cpi	r26, 0x90	; 144

00000072 <.Loc.9>:
      72:	b1 07       	cpc	r27, r17

00000074 <.Loc.10>:
      74:	d9 f7       	brne	.-10     	; 0x6c <.L__do_copy_data_loop>

00000076 <__do_clear_bss>:
      76:	21 e0       	ldi	r18, 0x01	; 1

00000078 <.Loc.1>:
      78:	a0 e9       	ldi	r26, 0x90	; 144

0000007a <.Loc.2>:
      7a:	b1 e0       	ldi	r27, 0x01	; 1

0000007c <.Loc.3>:
      7c:	01 c0       	rjmp	.+2      	; 0x80 <.Loc.5>

0000007e <.Loc.4>:
      7e:	1d 92       	st	X+, r1

00000080 <.Loc.5>:
      80:	a8 3a       	cpi	r26, 0xA8	; 168

00000082 <.Loc.6>:
      82:	b2 07       	cpc	r27, r18

00000084 <.Loc.7>:
      84:	e1 f7       	brne	.-8      	; 0x7e <.Loc.4>

00000086 <L0^A>:
      86:	0e 94 5d 0a 	call	0x14ba	; 0x14ba <main>
      8a:	0c 94 93 0a 	jmp	0x1526	; 0x1526 <_exit>

0000008e <__bad_interrupt>:
      8e:	0c 94 00 00 	jmp	0	; 0x0 <__vectors>

00000092 <EMERGENCY_voidRun>:
      92:	cf 93       	push	r28
      94:	df 93       	push	r29
      96:	00 d0       	rcall	.+0      	; 0x98 <L0^A>

00000098 <L0^A>:
      98:	cd b7       	in	r28, 0x3d	; 61
      9a:	de b7       	in	r29, 0x3e	; 62
      9c:	83 e0       	ldi	r24, 0x03	; 3
      9e:	0e 94 e6 05 	call	0xbcc	; 0xbcc <LED_SetStatus>
      a2:	0e 94 3c 03 	call	0x678	; 0x678 <BUZZER_Toggle>
      a6:	60 e0       	ldi	r22, 0x00	; 0
      a8:	81 e0       	ldi	r24, 0x01	; 1
      aa:	0e 94 15 04 	call	0x82a	; 0x82a <LCD_WriteCommand>
      ae:	60 e0       	ldi	r22, 0x00	; 0
      b0:	8d e6       	ldi	r24, 0x6D	; 109
      b2:	90 e0       	ldi	r25, 0x00	; 0
      b4:	0e 94 21 05 	call	0xa42	; 0xa42 <LCD_WriteString>
      b8:	80 e0       	ldi	r24, 0x00	; 0
      ba:	0e 94 32 02 	call	0x464	; 0x464 <MONITORING_get_values>
      be:	89 83       	std	Y+1, r24	; 0x01
      c0:	81 e0       	ldi	r24, 0x01	; 1
      c2:	0e 94 32 02 	call	0x464	; 0x464 <MONITORING_get_values>
      c6:	8a 83       	std	Y+2, r24	; 0x02
      c8:	0e 94 2d 01 	call	0x25a	; 0x25a <EVENTLOGGER_emergency>
      cc:	89 81       	ldd	r24, Y+1	; 0x01
      ce:	87 34       	cpi	r24, 0x47	; 71
      d0:	40 f4       	brcc	.+16     	; 0xe2 <.L2>
      d2:	8a 81       	ldd	r24, Y+2	; 0x02
      d4:	89 3c       	cpi	r24, 0xC9	; 201
      d6:	28 f4       	brcc	.+10     	; 0xe2 <.L2>
      d8:	0f 90       	pop	r0
      da:	0f 90       	pop	r0
      dc:	df 91       	pop	r29
      de:	cf 91       	pop	r28
      e0:	08 95       	ret

000000e2 <.L2>:
      e2:	83 e0       	ldi	r24, 0x03	; 3
      e4:	0f 90       	pop	r0
      e6:	0f 90       	pop	r0
      e8:	df 91       	pop	r29
      ea:	cf 91       	pop	r28
      ec:	08 95       	ret

000000ee <FIRE_voidRun>:
      ee:	cf 93       	push	r28
      f0:	df 93       	push	r29
      f2:	0f 92       	push	r0
      f4:	cd b7       	in	r28, 0x3d	; 61
      f6:	de b7       	in	r29, 0x3e	; 62
      f8:	80 e0       	ldi	r24, 0x00	; 0
      fa:	0e 94 32 02 	call	0x464	; 0x464 <MONITORING_get_values>
      fe:	89 83       	std	Y+1, r24	; 0x01
     100:	81 e0       	ldi	r24, 0x01	; 1
     102:	0e 94 32 02 	call	0x464	; 0x464 <MONITORING_get_values>
     106:	99 81       	ldd	r25, Y+1	; 0x01
     108:	96 34       	cpi	r25, 0x46	; 70
     10a:	70 f4       	brcc	.+28     	; 0x128 <.L2>
     10c:	88 3c       	cpi	r24, 0xC8	; 200
     10e:	60 f4       	brcc	.+24     	; 0x128 <.L2>
     110:	0e 94 21 01 	call	0x242	; 0x242 <EVENTLOGGER_fire>
     114:	82 e0       	ldi	r24, 0x02	; 2
     116:	0e 94 e6 05 	call	0xbcc	; 0xbcc <LED_SetStatus>
     11a:	0e 94 32 03 	call	0x664	; 0x664 <BUZZER_On>
     11e:	81 e0       	ldi	r24, 0x01	; 1
     120:	0f 90       	pop	r0
     122:	df 91       	pop	r29
     124:	cf 91       	pop	r28
     126:	08 95       	ret

00000128 <.L2>:
     128:	0f 90       	pop	r0
     12a:	df 91       	pop	r29
     12c:	cf 91       	pop	r28
     12e:	0c 94 49 00 	jmp	0x92	; 0x92 <EMERGENCY_voidRun>

00000132 <NORMAL_voidRun>:
     132:	cf 93       	push	r28
     134:	df 93       	push	r29
     136:	0f 92       	push	r0
     138:	cd b7       	in	r28, 0x3d	; 61
     13a:	de b7       	in	r29, 0x3e	; 62
     13c:	80 e0       	ldi	r24, 0x00	; 0
     13e:	0e 94 32 02 	call	0x464	; 0x464 <MONITORING_get_values>
     142:	89 83       	std	Y+1, r24	; 0x01
     144:	81 e0       	ldi	r24, 0x01	; 1
     146:	0e 94 32 02 	call	0x464	; 0x464 <MONITORING_get_values>
     14a:	99 81       	ldd	r25, Y+1	; 0x01
     14c:	9d 32       	cpi	r25, 0x2D	; 45
     14e:	70 f4       	brcc	.+28     	; 0x16c <.L2>
     150:	86 34       	cpi	r24, 0x46	; 70
     152:	60 f4       	brcc	.+24     	; 0x16c <.L2>
     154:	0e 94 19 01 	call	0x232	; 0x232 <EVENTLOGGER_level1>
     158:	80 e0       	ldi	r24, 0x00	; 0
     15a:	0e 94 e6 05 	call	0xbcc	; 0xbcc <LED_SetStatus>
     15e:	0e 94 37 03 	call	0x66e	; 0x66e <BUZZER_Off>
     162:	80 e0       	ldi	r24, 0x00	; 0
     164:	0f 90       	pop	r0
     166:	df 91       	pop	r29
     168:	cf 91       	pop	r28
     16a:	08 95       	ret

0000016c <.L2>:
     16c:	0f 90       	pop	r0
     16e:	df 91       	pop	r29
     170:	cf 91       	pop	r28
     172:	0c 94 bb 00 	jmp	0x176	; 0x176 <WARNING_voidRun>

00000176 <WARNING_voidRun>:
     176:	cf 93       	push	r28
     178:	df 93       	push	r29
     17a:	0f 92       	push	r0
     17c:	cd b7       	in	r28, 0x3d	; 61
     17e:	de b7       	in	r29, 0x3e	; 62
     180:	80 e0       	ldi	r24, 0x00	; 0
     182:	0e 94 32 02 	call	0x464	; 0x464 <MONITORING_get_values>
     186:	89 83       	std	Y+1, r24	; 0x01
     188:	81 e0       	ldi	r24, 0x01	; 1
     18a:	0e 94 32 02 	call	0x464	; 0x464 <MONITORING_get_values>
     18e:	99 81       	ldd	r25, Y+1	; 0x01
     190:	9c 33       	cpi	r25, 0x3C	; 60
     192:	70 f4       	brcc	.+28     	; 0x1b0 <.L2>
     194:	82 38       	cpi	r24, 0x82	; 130
     196:	60 f4       	brcc	.+24     	; 0x1b0 <.L2>
     198:	0e 94 1d 01 	call	0x23a	; 0x23a <EVENTLOGGER_level2>
     19c:	81 e0       	ldi	r24, 0x01	; 1
     19e:	0e 94 e6 05 	call	0xbcc	; 0xbcc <LED_SetStatus>
     1a2:	0e 94 37 03 	call	0x66e	; 0x66e <BUZZER_Off>
     1a6:	81 e0       	ldi	r24, 0x01	; 1
     1a8:	0f 90       	pop	r0
     1aa:	df 91       	pop	r29
     1ac:	cf 91       	pop	r28
     1ae:	08 95       	ret

000001b0 <.L2>:
     1b0:	0f 90       	pop	r0
     1b2:	df 91       	pop	r29
     1b4:	cf 91       	pop	r28
     1b6:	0c 94 77 00 	jmp	0xee	; 0xee <FIRE_voidRun>

000001ba <EVENTLOGGER_init>:
     1ba:	0f 93       	push	r16
     1bc:	1f 93       	push	r17
     1be:	00 91 60 00 	lds	r16, 0x0060	; 0x800060 <Uart_Config_event_logger>
     1c2:	10 91 61 00 	lds	r17, 0x0061	; 0x800061 <Uart_Config_event_logger+0x1>
     1c6:	20 91 62 00 	lds	r18, 0x0062	; 0x800062 <Uart_Config_event_logger+0x2>
     1ca:	30 91 63 00 	lds	r19, 0x0063	; 0x800063 <Uart_Config_event_logger+0x3>
     1ce:	40 91 64 00 	lds	r20, 0x0064	; 0x800064 <Uart_Config_event_logger+0x4>
     1d2:	50 91 65 00 	lds	r21, 0x0065	; 0x800065 <Uart_Config_event_logger+0x5>
     1d6:	60 91 66 00 	lds	r22, 0x0066	; 0x800066 <Uart_Config_event_logger+0x6>
     1da:	70 91 67 00 	lds	r23, 0x0067	; 0x800067 <Uart_Config_event_logger+0x7>
     1de:	80 91 68 00 	lds	r24, 0x0068	; 0x800068 <Uart_Config_event_logger+0x8>
     1e2:	90 91 69 00 	lds	r25, 0x0069	; 0x800069 <Uart_Config_event_logger+0x9>
     1e6:	0e 94 db 08 	call	0x11b6	; 0x11b6 <UART_Init>
     1ea:	8b e7       	ldi	r24, 0x7B	; 123
     1ec:	90 e0       	ldi	r25, 0x00	; 0
     1ee:	0e 94 a8 09 	call	0x1350	; 0x1350 <UART_SendStringPolling>
     1f2:	80 e9       	ldi	r24, 0x90	; 144
     1f4:	90 e0       	ldi	r25, 0x00	; 0
     1f6:	1f 91       	pop	r17
     1f8:	0f 91       	pop	r16
     1fa:	0c 94 a8 09 	jmp	0x1350	; 0x1350 <UART_SendStringPolling>

000001fe <EVENTLOGGER_normal>:
     1fe:	83 ea       	ldi	r24, 0xA3	; 163
     200:	90 e0       	ldi	r25, 0x00	; 0
     202:	0e 94 a8 09 	call	0x1350	; 0x1350 <UART_SendStringPolling>
     206:	80 e0       	ldi	r24, 0x00	; 0
     208:	0e 94 32 02 	call	0x464	; 0x464 <MONITORING_get_values>
     20c:	0e 94 01 0a 	call	0x1402	; 0x1402 <UART_SendNumberPolling>
     210:	8f ee       	ldi	r24, 0xEF	; 239
     212:	90 e0       	ldi	r25, 0x00	; 0
     214:	0e 94 a8 09 	call	0x1350	; 0x1350 <UART_SendStringPolling>
     218:	8c ea       	ldi	r24, 0xAC	; 172
     21a:	90 e0       	ldi	r25, 0x00	; 0
     21c:	0e 94 a8 09 	call	0x1350	; 0x1350 <UART_SendStringPolling>
     220:	81 e0       	ldi	r24, 0x01	; 1
     222:	0e 94 32 02 	call	0x464	; 0x464 <MONITORING_get_values>
     226:	0e 94 01 0a 	call	0x1402	; 0x1402 <UART_SendNumberPolling>
     22a:	8f ee       	ldi	r24, 0xEF	; 239
     22c:	90 e0       	ldi	r25, 0x00	; 0
     22e:	0c 94 a8 09 	jmp	0x1350	; 0x1350 <UART_SendStringPolling>

00000232 <EVENTLOGGER_level1>:
     232:	85 eb       	ldi	r24, 0xB5	; 181
     234:	90 e0       	ldi	r25, 0x00	; 0
     236:	0c 94 a8 09 	jmp	0x1350	; 0x1350 <UART_SendStringPolling>

0000023a <EVENTLOGGER_level2>:
     23a:	87 ec       	ldi	r24, 0xC7	; 199
     23c:	90 e0       	ldi	r25, 0x00	; 0
     23e:	0c 94 a8 09 	jmp	0x1350	; 0x1350 <UART_SendStringPolling>

00000242 <EVENTLOGGER_fire>:
     242:	81 ed       	ldi	r24, 0xD1	; 209
     244:	90 e0       	ldi	r25, 0x00	; 0
     246:	0c 94 a8 09 	jmp	0x1350	; 0x1350 <UART_SendStringPolling>

0000024a <EVENTLOGGER_acknowledged>:
     24a:	8e ed       	ldi	r24, 0xDE	; 222
     24c:	90 e0       	ldi	r25, 0x00	; 0
     24e:	0c 94 a8 09 	jmp	0x1350	; 0x1350 <UART_SendStringPolling>

00000252 <EVENTLOGGER_reset>:
     252:	82 ef       	ldi	r24, 0xF2	; 242
     254:	90 e0       	ldi	r25, 0x00	; 0
     256:	0c 94 a8 09 	jmp	0x1350	; 0x1350 <UART_SendStringPolling>

0000025a <EVENTLOGGER_emergency>:
     25a:	81 e0       	ldi	r24, 0x01	; 1
     25c:	91 e0       	ldi	r25, 0x01	; 1
     25e:	0c 94 a8 09 	jmp	0x1350	; 0x1350 <UART_SendStringPolling>

00000262 <MONITORING_update>:
     262:	cf 93       	push	r28
     264:	df 93       	push	r29
     266:	00 d0       	rcall	.+0      	; 0x268 <L0^A>

00000268 <L0^A>:
     268:	00 d0       	rcall	.+0      	; 0x26a <L0^A>

0000026a <L0^A>:
     26a:	cd b7       	in	r28, 0x3d	; 61
     26c:	de b7       	in	r29, 0x3e	; 62
     26e:	80 91 90 01 	lds	r24, 0x0190	; 0x800190 <count.0>
     272:	90 91 91 01 	lds	r25, 0x0191	; 0x800191 <count.0+0x1>
     276:	a0 91 92 01 	lds	r26, 0x0192	; 0x800192 <count.0+0x2>
     27a:	b0 91 93 01 	lds	r27, 0x0193	; 0x800193 <count.0+0x3>
     27e:	01 96       	adiw	r24, 0x01	; 1
     280:	a1 1d       	adc	r26, r1
     282:	b1 1d       	adc	r27, r1
     284:	80 93 90 01 	sts	0x0190, r24	; 0x800190 <count.0>
     288:	90 93 91 01 	sts	0x0191, r25	; 0x800191 <count.0+0x1>
     28c:	a0 93 92 01 	sts	0x0192, r26	; 0x800192 <count.0+0x2>
     290:	b0 93 93 01 	sts	0x0193, r27	; 0x800193 <count.0+0x3>
     294:	80 ff       	sbrs	r24, 0
     296:	3f c0       	rjmp	.+126    	; 0x316 <.L23>
     298:	20 91 95 01 	lds	r18, 0x0195	; 0x800195 <current_state>
     29c:	23 30       	cpi	r18, 0x03	; 3
     29e:	49 f1       	breq	.+82     	; 0x2f2 <.L9>
     2a0:	89 83       	std	Y+1, r24	; 0x01
     2a2:	9a 83       	std	Y+2, r25	; 0x02
     2a4:	ab 83       	std	Y+3, r26	; 0x03
     2a6:	bc 83       	std	Y+4, r27	; 0x04

000002a8 <.L6>:
     2a8:	69 81       	ldd	r22, Y+1	; 0x01
     2aa:	7a 81       	ldd	r23, Y+2	; 0x02
     2ac:	8b 81       	ldd	r24, Y+3	; 0x03
     2ae:	9c 81       	ldd	r25, Y+4	; 0x04
     2b0:	25 e0       	ldi	r18, 0x05	; 5
     2b2:	30 e0       	ldi	r19, 0x00	; 0
     2b4:	40 e0       	ldi	r20, 0x00	; 0
     2b6:	50 e0       	ldi	r21, 0x00	; 0
     2b8:	0e 94 71 0a 	call	0x14e2	; 0x14e2 <__udivmodsi4>
     2bc:	67 2b       	or	r22, r23
     2be:	68 2b       	or	r22, r24
     2c0:	69 2b       	or	r22, r25
     2c2:	09 f4       	brne	.+2      	; 0x2c6 <.L5>

000002c4 <L0^A>:
     2c4:	64 c0       	rjmp	.+200    	; 0x38e <.L8>

000002c6 <.L5>:
     2c6:	69 81       	ldd	r22, Y+1	; 0x01
     2c8:	7a 81       	ldd	r23, Y+2	; 0x02
     2ca:	8b 81       	ldd	r24, Y+3	; 0x03
     2cc:	9c 81       	ldd	r25, Y+4	; 0x04
     2ce:	24 e1       	ldi	r18, 0x14	; 20
     2d0:	30 e0       	ldi	r19, 0x00	; 0
     2d2:	40 e0       	ldi	r20, 0x00	; 0
     2d4:	50 e0       	ldi	r21, 0x00	; 0
     2d6:	0e 94 71 0a 	call	0x14e2	; 0x14e2 <__udivmodsi4>
     2da:	67 2b       	or	r22, r23
     2dc:	68 2b       	or	r22, r24
     2de:	69 2b       	or	r22, r25
     2e0:	09 f4       	brne	.+2      	; 0x2e4 <L0^A+0x2>

000002e2 <L0^A>:
     2e2:	83 c0       	rjmp	.+262    	; 0x3ea <.L24>
     2e4:	0f 90       	pop	r0
     2e6:	0f 90       	pop	r0
     2e8:	0f 90       	pop	r0
     2ea:	0f 90       	pop	r0
     2ec:	df 91       	pop	r29
     2ee:	cf 91       	pop	r28
     2f0:	08 95       	ret

000002f2 <.L9>:
     2f2:	80 91 94 01 	lds	r24, 0x0194	; 0x800194 <button_state>
     2f6:	81 30       	cpi	r24, 0x01	; 1
     2f8:	09 f4       	brne	.+2      	; 0x2fc <.L21>

000002fa <L0^A>:
     2fa:	8f c0       	rjmp	.+286    	; 0x41a <.L4>

000002fc <.L21>:
     2fc:	80 91 90 01 	lds	r24, 0x0190	; 0x800190 <count.0>
     300:	90 91 91 01 	lds	r25, 0x0191	; 0x800191 <count.0+0x1>
     304:	a0 91 92 01 	lds	r26, 0x0192	; 0x800192 <count.0+0x2>
     308:	b0 91 93 01 	lds	r27, 0x0193	; 0x800193 <count.0+0x3>
     30c:	89 83       	std	Y+1, r24	; 0x01
     30e:	9a 83       	std	Y+2, r25	; 0x02
     310:	ab 83       	std	Y+3, r26	; 0x03
     312:	bc 83       	std	Y+4, r27	; 0x04
     314:	d8 cf       	rjmp	.-80     	; 0x2c6 <.L5>

00000316 <.L23>:
     316:	0e 94 1f 03 	call	0x63e	; 0x63e <BUTTON_GetState>
     31a:	80 93 94 01 	sts	0x0194, r24	; 0x800194 <button_state>
     31e:	80 91 95 01 	lds	r24, 0x0195	; 0x800195 <current_state>
     322:	83 30       	cpi	r24, 0x03	; 3
     324:	31 f3       	breq	.-52     	; 0x2f2 <.L9>
     326:	80 91 90 01 	lds	r24, 0x0190	; 0x800190 <count.0>
     32a:	90 91 91 01 	lds	r25, 0x0191	; 0x800191 <count.0+0x1>
     32e:	a0 91 92 01 	lds	r26, 0x0192	; 0x800192 <count.0+0x2>
     332:	b0 91 93 01 	lds	r27, 0x0193	; 0x800193 <count.0+0x3>
     336:	89 83       	std	Y+1, r24	; 0x01
     338:	9a 83       	std	Y+2, r25	; 0x02
     33a:	ab 83       	std	Y+3, r26	; 0x03
     33c:	bc 83       	std	Y+4, r27	; 0x04
     33e:	80 fd       	sbrc	r24, 0
     340:	b3 cf       	rjmp	.-154    	; 0x2a8 <.L6>
     342:	0e 94 38 06 	call	0xc70	; 0xc70 <LM35_get_temperature>
     346:	80 93 97 01 	sts	0x0197, r24	; 0x800197 <temperature>
     34a:	0e 94 62 06 	call	0xcc4	; 0xcc4 <MQ2_read_smoke>
     34e:	80 93 96 01 	sts	0x0196, r24	; 0x800196 <smoke>
     352:	80 91 90 01 	lds	r24, 0x0190	; 0x800190 <count.0>
     356:	90 91 91 01 	lds	r25, 0x0191	; 0x800191 <count.0+0x1>
     35a:	a0 91 92 01 	lds	r26, 0x0192	; 0x800192 <count.0+0x2>
     35e:	b0 91 93 01 	lds	r27, 0x0193	; 0x800193 <count.0+0x3>
     362:	89 83       	std	Y+1, r24	; 0x01
     364:	9a 83       	std	Y+2, r25	; 0x02
     366:	ab 83       	std	Y+3, r26	; 0x03
     368:	bc 83       	std	Y+4, r27	; 0x04
     36a:	bc 01       	movw	r22, r24
     36c:	cd 01       	movw	r24, r26
     36e:	25 e0       	ldi	r18, 0x05	; 5
     370:	30 e0       	ldi	r19, 0x00	; 0
     372:	40 e0       	ldi	r20, 0x00	; 0
     374:	50 e0       	ldi	r21, 0x00	; 0
     376:	0e 94 71 0a 	call	0x14e2	; 0x14e2 <__udivmodsi4>
     37a:	67 2b       	or	r22, r23
     37c:	68 2b       	or	r22, r24
     37e:	69 2b       	or	r22, r25
     380:	09 f0       	breq	.+2      	; 0x384 <L0^A+0x2>

00000382 <L0^A>:
     382:	a1 cf       	rjmp	.-190    	; 0x2c6 <.L5>
     384:	80 91 95 01 	lds	r24, 0x0195	; 0x800195 <current_state>
     388:	83 30       	cpi	r24, 0x03	; 3
     38a:	09 f4       	brne	.+2      	; 0x38e <.L8>

0000038c <L0^A>:
     38c:	9c cf       	rjmp	.-200    	; 0x2c6 <.L5>

0000038e <.L8>:
     38e:	40 e0       	ldi	r20, 0x00	; 0
     390:	68 e0       	ldi	r22, 0x08	; 8
     392:	80 e0       	ldi	r24, 0x00	; 0
     394:	0e 94 43 05 	call	0xa86	; 0xa86 <LCD_GoToXY>
     398:	60 e0       	ldi	r22, 0x00	; 0
     39a:	8d e0       	ldi	r24, 0x0D	; 13
     39c:	91 e0       	ldi	r25, 0x01	; 1
     39e:	0e 94 21 05 	call	0xa42	; 0xa42 <LCD_WriteString>
     3a2:	40 e0       	ldi	r20, 0x00	; 0
     3a4:	68 e0       	ldi	r22, 0x08	; 8
     3a6:	80 e0       	ldi	r24, 0x00	; 0
     3a8:	0e 94 43 05 	call	0xa86	; 0xa86 <LCD_GoToXY>
     3ac:	60 e0       	ldi	r22, 0x00	; 0
     3ae:	80 91 97 01 	lds	r24, 0x0197	; 0x800197 <temperature>
     3b2:	0e 94 7b 05 	call	0xaf6	; 0xaf6 <LCD_WriteNUMBER>
     3b6:	40 e0       	ldi	r20, 0x00	; 0
     3b8:	68 e0       	ldi	r22, 0x08	; 8
     3ba:	81 e0       	ldi	r24, 0x01	; 1
     3bc:	0e 94 43 05 	call	0xa86	; 0xa86 <LCD_GoToXY>
     3c0:	60 e0       	ldi	r22, 0x00	; 0
     3c2:	8d e0       	ldi	r24, 0x0D	; 13
     3c4:	91 e0       	ldi	r25, 0x01	; 1
     3c6:	0e 94 21 05 	call	0xa42	; 0xa42 <LCD_WriteString>
     3ca:	40 e0       	ldi	r20, 0x00	; 0
     3cc:	68 e0       	ldi	r22, 0x08	; 8
     3ce:	81 e0       	ldi	r24, 0x01	; 1
     3d0:	0e 94 43 05 	call	0xa86	; 0xa86 <LCD_GoToXY>
     3d4:	60 e0       	ldi	r22, 0x00	; 0
     3d6:	80 91 96 01 	lds	r24, 0x0196	; 0x800196 <smoke>
     3da:	0e 94 7b 05 	call	0xaf6	; 0xaf6 <LCD_WriteNUMBER>
     3de:	60 e0       	ldi	r22, 0x00	; 0
     3e0:	8d e0       	ldi	r24, 0x0D	; 13
     3e2:	91 e0       	ldi	r25, 0x01	; 1
     3e4:	0e 94 21 05 	call	0xa42	; 0xa42 <LCD_WriteString>
     3e8:	89 cf       	rjmp	.-238    	; 0x2fc <.L21>

000003ea <.L24>:
     3ea:	0e 94 99 00 	call	0x132	; 0x132 <NORMAL_voidRun>
     3ee:	80 93 95 01 	sts	0x0195, r24	; 0x800195 <current_state>
     3f2:	0e 94 ff 00 	call	0x1fe	; 0x1fe <EVENTLOGGER_normal>
     3f6:	80 eb       	ldi	r24, 0xB0	; 176
     3f8:	0e 94 71 08 	call	0x10e2	; 0x10e2 <TIMER0_set_preload>
     3fc:	10 92 90 01 	sts	0x0190, r1	; 0x800190 <count.0>
     400:	10 92 91 01 	sts	0x0191, r1	; 0x800191 <count.0+0x1>
     404:	10 92 92 01 	sts	0x0192, r1	; 0x800192 <count.0+0x2>
     408:	10 92 93 01 	sts	0x0193, r1	; 0x800193 <count.0+0x3>
     40c:	0f 90       	pop	r0
     40e:	0f 90       	pop	r0
     410:	0f 90       	pop	r0
     412:	0f 90       	pop	r0
     414:	df 91       	pop	r29
     416:	cf 91       	pop	r28
     418:	08 95       	ret

0000041a <.L4>:
     41a:	0e 94 25 01 	call	0x24a	; 0x24a <EVENTLOGGER_acknowledged>
     41e:	10 92 95 01 	sts	0x0195, r1	; 0x800195 <current_state>
     422:	0e 94 4f 02 	call	0x49e	; 0x49e <RECOVERY_update>
     426:	0e 94 29 01 	call	0x252	; 0x252 <EVENTLOGGER_reset>
     42a:	80 91 90 01 	lds	r24, 0x0190	; 0x800190 <count.0>
     42e:	90 91 91 01 	lds	r25, 0x0191	; 0x800191 <count.0+0x1>
     432:	a0 91 92 01 	lds	r26, 0x0192	; 0x800192 <count.0+0x2>
     436:	b0 91 93 01 	lds	r27, 0x0193	; 0x800193 <count.0+0x3>
     43a:	89 83       	std	Y+1, r24	; 0x01
     43c:	9a 83       	std	Y+2, r25	; 0x02
     43e:	ab 83       	std	Y+3, r26	; 0x03
     440:	bc 83       	std	Y+4, r27	; 0x04
     442:	41 cf       	rjmp	.-382    	; 0x2c6 <.L5>

00000444 <MONITROING_init>:
     444:	60 91 6a 00 	lds	r22, 0x006A	; 0x80006a <config_timer>
     448:	70 91 6b 00 	lds	r23, 0x006B	; 0x80006b <config_timer+0x1>
     44c:	80 91 6c 00 	lds	r24, 0x006C	; 0x80006c <config_timer+0x2>
     450:	0e 94 4c 08 	call	0x1098	; 0x1098 <TIMER0_init>
     454:	82 e0       	ldi	r24, 0x02	; 2
     456:	0e 94 66 08 	call	0x10cc	; 0x10cc <TIMER0_start>
     45a:	61 e3       	ldi	r22, 0x31	; 49
     45c:	71 e0       	ldi	r23, 0x01	; 1
     45e:	80 e0       	ldi	r24, 0x00	; 0
     460:	0c 94 75 08 	jmp	0x10ea	; 0x10ea <TIMER0_set_call_back_fucntion>

00000464 <MONITORING_get_values>:
     464:	81 30       	cpi	r24, 0x01	; 1
     466:	10 f0       	brcs	.+4      	; 0x46c <.L30>
     468:	21 f0       	breq	.+8      	; 0x472 <.L31>
     46a:	08 95       	ret

0000046c <.L30>:
     46c:	80 91 97 01 	lds	r24, 0x0197	; 0x800197 <temperature>
     470:	08 95       	ret

00000472 <.L31>:
     472:	80 91 96 01 	lds	r24, 0x0196	; 0x800196 <smoke>
     476:	08 95       	ret

00000478 <RECOVERY_init>:
     478:	60 e0       	ldi	r22, 0x00	; 0
     47a:	81 e0       	ldi	r24, 0x01	; 1
     47c:	0e 94 15 04 	call	0x82a	; 0x82a <LCD_WriteCommand>
     480:	60 e0       	ldi	r22, 0x00	; 0
     482:	86 e1       	ldi	r24, 0x16	; 22
     484:	91 e0       	ldi	r25, 0x01	; 1
     486:	0e 94 21 05 	call	0xa42	; 0xa42 <LCD_WriteString>
     48a:	40 e0       	ldi	r20, 0x00	; 0
     48c:	60 e0       	ldi	r22, 0x00	; 0
     48e:	81 e0       	ldi	r24, 0x01	; 1
     490:	0e 94 43 05 	call	0xa86	; 0xa86 <LCD_GoToXY>
     494:	60 e0       	ldi	r22, 0x00	; 0
     496:	80 e2       	ldi	r24, 0x20	; 32
     498:	91 e0       	ldi	r25, 0x01	; 1
     49a:	0c 94 21 05 	jmp	0xa42	; 0xa42 <LCD_WriteString>

0000049e <RECOVERY_update>:
     49e:	60 e0       	ldi	r22, 0x00	; 0
     4a0:	81 e0       	ldi	r24, 0x01	; 1
     4a2:	0e 94 15 04 	call	0x82a	; 0x82a <LCD_WriteCommand>
     4a6:	60 e0       	ldi	r22, 0x00	; 0
     4a8:	83 ea       	ldi	r24, 0xA3	; 163
     4aa:	90 e0       	ldi	r25, 0x00	; 0
     4ac:	0e 94 21 05 	call	0xa42	; 0xa42 <LCD_WriteString>
     4b0:	40 e0       	ldi	r20, 0x00	; 0
     4b2:	60 e0       	ldi	r22, 0x00	; 0
     4b4:	81 e0       	ldi	r24, 0x01	; 1
     4b6:	0e 94 43 05 	call	0xa86	; 0xa86 <LCD_GoToXY>
     4ba:	60 e0       	ldi	r22, 0x00	; 0
     4bc:	8c ea       	ldi	r24, 0xAC	; 172
     4be:	90 e0       	ldi	r25, 0x00	; 0
     4c0:	0c 94 21 05 	jmp	0xa42	; 0xa42 <LCD_WriteString>

000004c4 <SYSTEM_self_test>:
     4c4:	60 e0       	ldi	r22, 0x00	; 0
     4c6:	81 e0       	ldi	r24, 0x01	; 1
     4c8:	0e 94 15 04 	call	0x82a	; 0x82a <LCD_WriteCommand>
     4cc:	60 e0       	ldi	r22, 0x00	; 0
     4ce:	81 e3       	ldi	r24, 0x31	; 49
     4d0:	91 e0       	ldi	r25, 0x01	; 1
     4d2:	0e 94 21 05 	call	0xa42	; 0xa42 <LCD_WriteString>
     4d6:	2f ef       	ldi	r18, 0xFF	; 255
     4d8:	84 e3       	ldi	r24, 0x34	; 52
     4da:	9c e0       	ldi	r25, 0x0C	; 12

000004dc <.L1^B1>:
     4dc:	21 50       	subi	r18, 0x01	; 1
     4de:	80 40       	sbci	r24, 0x00	; 0
     4e0:	90 40       	sbci	r25, 0x00	; 0
     4e2:	e1 f7       	brne	.-8      	; 0x4dc <.L1^B1>
     4e4:	00 c0       	rjmp	.+0      	; 0x4e6 <L0^A>

000004e6 <L0^A>:
     4e6:	00 00       	nop
     4e8:	60 e0       	ldi	r22, 0x00	; 0
     4ea:	81 e0       	ldi	r24, 0x01	; 1
     4ec:	0e 94 15 04 	call	0x82a	; 0x82a <LCD_WriteCommand>
     4f0:	60 e0       	ldi	r22, 0x00	; 0
     4f2:	8f e3       	ldi	r24, 0x3F	; 63
     4f4:	91 e0       	ldi	r25, 0x01	; 1
     4f6:	0e 94 21 05 	call	0xa42	; 0xa42 <LCD_WriteString>
     4fa:	80 e0       	ldi	r24, 0x00	; 0
     4fc:	0e 94 e6 05 	call	0xbcc	; 0xbcc <LED_SetStatus>
     500:	2f ef       	ldi	r18, 0xFF	; 255
     502:	84 e3       	ldi	r24, 0x34	; 52
     504:	9c e0       	ldi	r25, 0x0C	; 12

00000506 <.L1^B2>:
     506:	21 50       	subi	r18, 0x01	; 1
     508:	80 40       	sbci	r24, 0x00	; 0
     50a:	90 40       	sbci	r25, 0x00	; 0
     50c:	e1 f7       	brne	.-8      	; 0x506 <.L1^B2>
     50e:	00 c0       	rjmp	.+0      	; 0x510 <L0^A>

00000510 <L0^A>:
     510:	00 00       	nop
     512:	60 e0       	ldi	r22, 0x00	; 0
     514:	81 e0       	ldi	r24, 0x01	; 1
     516:	0e 94 15 04 	call	0x82a	; 0x82a <LCD_WriteCommand>
     51a:	60 e0       	ldi	r22, 0x00	; 0
     51c:	8d e4       	ldi	r24, 0x4D	; 77
     51e:	91 e0       	ldi	r25, 0x01	; 1
     520:	0e 94 21 05 	call	0xa42	; 0xa42 <LCD_WriteString>
     524:	81 e0       	ldi	r24, 0x01	; 1
     526:	0e 94 e6 05 	call	0xbcc	; 0xbcc <LED_SetStatus>
     52a:	2f ef       	ldi	r18, 0xFF	; 255
     52c:	84 e3       	ldi	r24, 0x34	; 52
     52e:	9c e0       	ldi	r25, 0x0C	; 12

00000530 <.L1^B3>:
     530:	21 50       	subi	r18, 0x01	; 1
     532:	80 40       	sbci	r24, 0x00	; 0
     534:	90 40       	sbci	r25, 0x00	; 0
     536:	e1 f7       	brne	.-8      	; 0x530 <.L1^B3>
     538:	00 c0       	rjmp	.+0      	; 0x53a <L0^A>

0000053a <L0^A>:
     53a:	00 00       	nop
     53c:	60 e0       	ldi	r22, 0x00	; 0
     53e:	81 e0       	ldi	r24, 0x01	; 1
     540:	0e 94 15 04 	call	0x82a	; 0x82a <LCD_WriteCommand>
     544:	60 e0       	ldi	r22, 0x00	; 0
     546:	8c e5       	ldi	r24, 0x5C	; 92
     548:	91 e0       	ldi	r25, 0x01	; 1
     54a:	0e 94 21 05 	call	0xa42	; 0xa42 <LCD_WriteString>
     54e:	82 e0       	ldi	r24, 0x02	; 2
     550:	0e 94 e6 05 	call	0xbcc	; 0xbcc <LED_SetStatus>
     554:	2f ef       	ldi	r18, 0xFF	; 255
     556:	84 e3       	ldi	r24, 0x34	; 52
     558:	9c e0       	ldi	r25, 0x0C	; 12

0000055a <.L1^B4>:
     55a:	21 50       	subi	r18, 0x01	; 1
     55c:	80 40       	sbci	r24, 0x00	; 0
     55e:	90 40       	sbci	r25, 0x00	; 0
     560:	e1 f7       	brne	.-8      	; 0x55a <.L1^B4>
     562:	00 c0       	rjmp	.+0      	; 0x564 <L0^A>

00000564 <L0^A>:
     564:	00 00       	nop
     566:	60 e0       	ldi	r22, 0x00	; 0
     568:	81 e0       	ldi	r24, 0x01	; 1
     56a:	0e 94 15 04 	call	0x82a	; 0x82a <LCD_WriteCommand>
     56e:	60 e0       	ldi	r22, 0x00	; 0
     570:	88 e6       	ldi	r24, 0x68	; 104
     572:	91 e0       	ldi	r25, 0x01	; 1
     574:	0e 94 21 05 	call	0xa42	; 0xa42 <LCD_WriteString>
     578:	0e 94 32 03 	call	0x664	; 0x664 <BUZZER_On>
     57c:	2f ef       	ldi	r18, 0xFF	; 255
     57e:	84 e3       	ldi	r24, 0x34	; 52
     580:	9c e0       	ldi	r25, 0x0C	; 12

00000582 <.L1^B5>:
     582:	21 50       	subi	r18, 0x01	; 1
     584:	80 40       	sbci	r24, 0x00	; 0
     586:	90 40       	sbci	r25, 0x00	; 0
     588:	e1 f7       	brne	.-8      	; 0x582 <.L1^B5>
     58a:	00 c0       	rjmp	.+0      	; 0x58c <L0^A>

0000058c <L0^A>:
     58c:	00 00       	nop
     58e:	0e 94 37 03 	call	0x66e	; 0x66e <BUZZER_Off>
     592:	60 e0       	ldi	r22, 0x00	; 0
     594:	81 e0       	ldi	r24, 0x01	; 1
     596:	0e 94 15 04 	call	0x82a	; 0x82a <LCD_WriteCommand>
     59a:	60 e0       	ldi	r22, 0x00	; 0
     59c:	83 e7       	ldi	r24, 0x73	; 115
     59e:	91 e0       	ldi	r25, 0x01	; 1
     5a0:	0e 94 21 05 	call	0xa42	; 0xa42 <LCD_WriteString>
     5a4:	2f ef       	ldi	r18, 0xFF	; 255
     5a6:	84 e3       	ldi	r24, 0x34	; 52
     5a8:	9c e0       	ldi	r25, 0x0C	; 12

000005aa <.L1^B6>:
     5aa:	21 50       	subi	r18, 0x01	; 1
     5ac:	80 40       	sbci	r24, 0x00	; 0
     5ae:	90 40       	sbci	r25, 0x00	; 0
     5b0:	e1 f7       	brne	.-8      	; 0x5aa <.L1^B6>
     5b2:	00 c0       	rjmp	.+0      	; 0x5b4 <L0^A>

000005b4 <L0^A>:
     5b4:	00 00       	nop
     5b6:	60 e0       	ldi	r22, 0x00	; 0
     5b8:	81 e0       	ldi	r24, 0x01	; 1
     5ba:	0c 94 15 04 	jmp	0x82a	; 0x82a <LCD_WriteCommand>

000005be <SYSTEM_init>:
     5be:	0e 94 d7 05 	call	0xbae	; 0xbae <LED_initialization>
     5c2:	80 e0       	ldi	r24, 0x00	; 0
     5c4:	0e 94 43 04 	call	0x886	; 0x886 <LCD_INIT>
     5c8:	0e 94 57 06 	call	0xcae	; 0xcae <MQ2_init>
     5cc:	0e 94 2d 06 	call	0xc5a	; 0xc5a <LM35_init>
     5d0:	0e 94 15 03 	call	0x62a	; 0x62a <BUTTON_init>
     5d4:	0e 94 28 03 	call	0x650	; 0x650 <BUZZER_init>
     5d8:	0e 94 dd 00 	call	0x1ba	; 0x1ba <EVENTLOGGER_init>
     5dc:	0e 94 22 02 	call	0x444	; 0x444 <MONITROING_init>
     5e0:	60 e0       	ldi	r22, 0x00	; 0
     5e2:	81 e8       	ldi	r24, 0x81	; 129
     5e4:	91 e0       	ldi	r25, 0x01	; 1
     5e6:	0e 94 21 05 	call	0xa42	; 0xa42 <LCD_WriteString>
     5ea:	2f ef       	ldi	r18, 0xFF	; 255
     5ec:	83 ed       	ldi	r24, 0xD3	; 211
     5ee:	90 e3       	ldi	r25, 0x30	; 48

000005f0 <.L1^B7>:
     5f0:	21 50       	subi	r18, 0x01	; 1
     5f2:	80 40       	sbci	r24, 0x00	; 0
     5f4:	90 40       	sbci	r25, 0x00	; 0
     5f6:	e1 f7       	brne	.-8      	; 0x5f0 <.L1^B7>
     5f8:	00 c0       	rjmp	.+0      	; 0x5fa <L0^A>

000005fa <L0^A>:
     5fa:	00 00       	nop
     5fc:	0e 94 62 02 	call	0x4c4	; 0x4c4 <SYSTEM_self_test>
     600:	60 e0       	ldi	r22, 0x00	; 0
     602:	81 e0       	ldi	r24, 0x01	; 1
     604:	0e 94 15 04 	call	0x82a	; 0x82a <LCD_WriteCommand>
     608:	60 e0       	ldi	r22, 0x00	; 0
     60a:	83 ea       	ldi	r24, 0xA3	; 163
     60c:	90 e0       	ldi	r25, 0x00	; 0
     60e:	0e 94 21 05 	call	0xa42	; 0xa42 <LCD_WriteString>
     612:	40 e0       	ldi	r20, 0x00	; 0
     614:	60 e0       	ldi	r22, 0x00	; 0
     616:	81 e0       	ldi	r24, 0x01	; 1
     618:	0e 94 43 05 	call	0xa86	; 0xa86 <LCD_GoToXY>
     61c:	60 e0       	ldi	r22, 0x00	; 0
     61e:	8c ea       	ldi	r24, 0xAC	; 172
     620:	90 e0       	ldi	r25, 0x00	; 0
     622:	0e 94 21 05 	call	0xa42	; 0xa42 <LCD_WriteString>
     626:	0c 94 44 08 	jmp	0x1088	; 0x1088 <GIE_Enable>

0000062a <BUTTON_init>:
     62a:	40 e0       	ldi	r20, 0x00	; 0
     62c:	60 e0       	ldi	r22, 0x00	; 0
     62e:	81 e0       	ldi	r24, 0x01	; 1
     630:	0e 94 b9 06 	call	0xd72	; 0xd72 <DIO_set_pin_direction>
     634:	41 e0       	ldi	r20, 0x01	; 1
     636:	60 e0       	ldi	r22, 0x00	; 0
     638:	81 e0       	ldi	r24, 0x01	; 1
     63a:	0c 94 f4 06 	jmp	0xde8	; 0xde8 <DIO_set_pin_value>

0000063e <BUTTON_GetState>:
     63e:	60 e0       	ldi	r22, 0x00	; 0
     640:	81 e0       	ldi	r24, 0x01	; 1
     642:	0e 94 2f 07 	call	0xe5e	; 0xe5e <DIO_get_pin_value>
     646:	98 2f       	mov	r25, r24
     648:	81 e0       	ldi	r24, 0x01	; 1
     64a:	91 11       	cpse	r25, r1
     64c:	80 e0       	ldi	r24, 0x00	; 0
     64e:	08 95       	ret

00000650 <BUZZER_init>:
     650:	41 e0       	ldi	r20, 0x01	; 1
     652:	67 e0       	ldi	r22, 0x07	; 7
     654:	81 e0       	ldi	r24, 0x01	; 1
     656:	0e 94 b9 06 	call	0xd72	; 0xd72 <DIO_set_pin_direction>
     65a:	40 e0       	ldi	r20, 0x00	; 0
     65c:	67 e0       	ldi	r22, 0x07	; 7
     65e:	81 e0       	ldi	r24, 0x01	; 1
     660:	0c 94 f4 06 	jmp	0xde8	; 0xde8 <DIO_set_pin_value>

00000664 <BUZZER_On>:
     664:	41 e0       	ldi	r20, 0x01	; 1
     666:	67 e0       	ldi	r22, 0x07	; 7
     668:	81 e0       	ldi	r24, 0x01	; 1
     66a:	0c 94 f4 06 	jmp	0xde8	; 0xde8 <DIO_set_pin_value>

0000066e <BUZZER_Off>:
     66e:	40 e0       	ldi	r20, 0x00	; 0
     670:	67 e0       	ldi	r22, 0x07	; 7
     672:	81 e0       	ldi	r24, 0x01	; 1
     674:	0c 94 f4 06 	jmp	0xde8	; 0xde8 <DIO_set_pin_value>

00000678 <BUZZER_Toggle>:
     678:	67 e0       	ldi	r22, 0x07	; 7
     67a:	81 e0       	ldi	r24, 0x01	; 1
     67c:	0e 94 2f 07 	call	0xe5e	; 0xe5e <DIO_get_pin_value>
     680:	41 e0       	ldi	r20, 0x01	; 1
     682:	81 11       	cpse	r24, r1
     684:	40 e0       	ldi	r20, 0x00	; 0
     686:	67 e0       	ldi	r22, 0x07	; 7
     688:	81 e0       	ldi	r24, 0x01	; 1
     68a:	0c 94 f4 06 	jmp	0xde8	; 0xde8 <DIO_set_pin_value>

0000068e <LCD_WriteCommand.part.0>:
     68e:	cf 93       	push	r28
     690:	c8 2f       	mov	r28, r24
     692:	40 e0       	ldi	r20, 0x00	; 0
     694:	62 e0       	ldi	r22, 0x02	; 2
     696:	82 e0       	ldi	r24, 0x02	; 2
     698:	0e 94 f4 06 	call	0xde8	; 0xde8 <DIO_set_pin_value>
     69c:	c4 fb       	bst	r28, 4
     69e:	44 27       	eor	r20, r20
     6a0:	40 f9       	bld	r20, 0
     6a2:	64 e0       	ldi	r22, 0x04	; 4
     6a4:	82 e0       	ldi	r24, 0x02	; 2
     6a6:	0e 94 f4 06 	call	0xde8	; 0xde8 <DIO_set_pin_value>
     6aa:	c5 fb       	bst	r28, 5
     6ac:	44 27       	eor	r20, r20
     6ae:	40 f9       	bld	r20, 0
     6b0:	65 e0       	ldi	r22, 0x05	; 5
     6b2:	82 e0       	ldi	r24, 0x02	; 2
     6b4:	0e 94 f4 06 	call	0xde8	; 0xde8 <DIO_set_pin_value>
     6b8:	c6 fb       	bst	r28, 6
     6ba:	44 27       	eor	r20, r20
     6bc:	40 f9       	bld	r20, 0
     6be:	66 e0       	ldi	r22, 0x06	; 6
     6c0:	82 e0       	ldi	r24, 0x02	; 2
     6c2:	0e 94 f4 06 	call	0xde8	; 0xde8 <DIO_set_pin_value>
     6c6:	c7 fb       	bst	r28, 7
     6c8:	44 27       	eor	r20, r20
     6ca:	40 f9       	bld	r20, 0
     6cc:	67 e0       	ldi	r22, 0x07	; 7
     6ce:	82 e0       	ldi	r24, 0x02	; 2
     6d0:	0e 94 f4 06 	call	0xde8	; 0xde8 <DIO_set_pin_value>
     6d4:	41 e0       	ldi	r20, 0x01	; 1
     6d6:	63 e0       	ldi	r22, 0x03	; 3
     6d8:	82 e0       	ldi	r24, 0x02	; 2
     6da:	0e 94 f4 06 	call	0xde8	; 0xde8 <DIO_set_pin_value>
     6de:	8f ec       	ldi	r24, 0xCF	; 207
     6e0:	97 e0       	ldi	r25, 0x07	; 7

000006e2 <.L1^B1>:
     6e2:	01 97       	sbiw	r24, 0x01	; 1
     6e4:	f1 f7       	brne	.-4      	; 0x6e2 <.L1^B1>
     6e6:	00 c0       	rjmp	.+0      	; 0x6e8 <L0^A>

000006e8 <L0^A>:
     6e8:	00 00       	nop
     6ea:	40 e0       	ldi	r20, 0x00	; 0
     6ec:	63 e0       	ldi	r22, 0x03	; 3
     6ee:	82 e0       	ldi	r24, 0x02	; 2
     6f0:	0e 94 f4 06 	call	0xde8	; 0xde8 <DIO_set_pin_value>
     6f4:	4c 2f       	mov	r20, r28
     6f6:	41 70       	andi	r20, 0x01	; 1
     6f8:	64 e0       	ldi	r22, 0x04	; 4
     6fa:	82 e0       	ldi	r24, 0x02	; 2
     6fc:	0e 94 f4 06 	call	0xde8	; 0xde8 <DIO_set_pin_value>
     700:	c1 fb       	bst	r28, 1
     702:	44 27       	eor	r20, r20
     704:	40 f9       	bld	r20, 0
     706:	65 e0       	ldi	r22, 0x05	; 5
     708:	82 e0       	ldi	r24, 0x02	; 2
     70a:	0e 94 f4 06 	call	0xde8	; 0xde8 <DIO_set_pin_value>
     70e:	c2 fb       	bst	r28, 2
     710:	44 27       	eor	r20, r20
     712:	40 f9       	bld	r20, 0
     714:	66 e0       	ldi	r22, 0x06	; 6
     716:	82 e0       	ldi	r24, 0x02	; 2
     718:	0e 94 f4 06 	call	0xde8	; 0xde8 <DIO_set_pin_value>
     71c:	c3 fb       	bst	r28, 3
     71e:	44 27       	eor	r20, r20
     720:	40 f9       	bld	r20, 0
     722:	67 e0       	ldi	r22, 0x07	; 7
     724:	82 e0       	ldi	r24, 0x02	; 2
     726:	0e 94 f4 06 	call	0xde8	; 0xde8 <DIO_set_pin_value>
     72a:	41 e0       	ldi	r20, 0x01	; 1
     72c:	63 e0       	ldi	r22, 0x03	; 3
     72e:	82 e0       	ldi	r24, 0x02	; 2
     730:	0e 94 f4 06 	call	0xde8	; 0xde8 <DIO_set_pin_value>
     734:	8f ec       	ldi	r24, 0xCF	; 207
     736:	97 e0       	ldi	r25, 0x07	; 7

00000738 <.L1^B2>:
     738:	01 97       	sbiw	r24, 0x01	; 1
     73a:	f1 f7       	brne	.-4      	; 0x738 <.L1^B2>
     73c:	00 c0       	rjmp	.+0      	; 0x73e <L0^A>

0000073e <L0^A>:
     73e:	00 00       	nop
     740:	40 e0       	ldi	r20, 0x00	; 0
     742:	63 e0       	ldi	r22, 0x03	; 3
     744:	82 e0       	ldi	r24, 0x02	; 2
     746:	cf 91       	pop	r28
     748:	0c 94 f4 06 	jmp	0xde8	; 0xde8 <DIO_set_pin_value>

0000074c <LCD_WriteData>:
     74c:	cf 93       	push	r28
     74e:	c8 2f       	mov	r28, r24
     750:	61 30       	cpi	r22, 0x01	; 1
     752:	20 f0       	brcs	.+8      	; 0x75c <.L7>
     754:	09 f4       	brne	.+2      	; 0x758 <L0^A+0x2>

00000756 <L0^A>:
     756:	5f c0       	rjmp	.+190    	; 0x816 <.L8>
     758:	cf 91       	pop	r28
     75a:	08 95       	ret

0000075c <.L7>:
     75c:	41 e0       	ldi	r20, 0x01	; 1
     75e:	62 e0       	ldi	r22, 0x02	; 2
     760:	82 e0       	ldi	r24, 0x02	; 2
     762:	0e 94 f4 06 	call	0xde8	; 0xde8 <DIO_set_pin_value>
     766:	c4 fb       	bst	r28, 4
     768:	44 27       	eor	r20, r20
     76a:	40 f9       	bld	r20, 0
     76c:	64 e0       	ldi	r22, 0x04	; 4
     76e:	82 e0       	ldi	r24, 0x02	; 2
     770:	0e 94 f4 06 	call	0xde8	; 0xde8 <DIO_set_pin_value>
     774:	c5 fb       	bst	r28, 5
     776:	44 27       	eor	r20, r20
     778:	40 f9       	bld	r20, 0
     77a:	65 e0       	ldi	r22, 0x05	; 5
     77c:	82 e0       	ldi	r24, 0x02	; 2
     77e:	0e 94 f4 06 	call	0xde8	; 0xde8 <DIO_set_pin_value>
     782:	c6 fb       	bst	r28, 6
     784:	44 27       	eor	r20, r20
     786:	40 f9       	bld	r20, 0
     788:	66 e0       	ldi	r22, 0x06	; 6
     78a:	82 e0       	ldi	r24, 0x02	; 2
     78c:	0e 94 f4 06 	call	0xde8	; 0xde8 <DIO_set_pin_value>
     790:	c7 fb       	bst	r28, 7
     792:	44 27       	eor	r20, r20
     794:	40 f9       	bld	r20, 0
     796:	67 e0       	ldi	r22, 0x07	; 7
     798:	82 e0       	ldi	r24, 0x02	; 2
     79a:	0e 94 f4 06 	call	0xde8	; 0xde8 <DIO_set_pin_value>
     79e:	41 e0       	ldi	r20, 0x01	; 1
     7a0:	63 e0       	ldi	r22, 0x03	; 3
     7a2:	82 e0       	ldi	r24, 0x02	; 2
     7a4:	0e 94 f4 06 	call	0xde8	; 0xde8 <DIO_set_pin_value>
     7a8:	8f ec       	ldi	r24, 0xCF	; 207
     7aa:	97 e0       	ldi	r25, 0x07	; 7

000007ac <.L1^B3>:
     7ac:	01 97       	sbiw	r24, 0x01	; 1
     7ae:	f1 f7       	brne	.-4      	; 0x7ac <.L1^B3>
     7b0:	00 c0       	rjmp	.+0      	; 0x7b2 <L0^A>

000007b2 <L0^A>:
     7b2:	00 00       	nop
     7b4:	40 e0       	ldi	r20, 0x00	; 0
     7b6:	63 e0       	ldi	r22, 0x03	; 3
     7b8:	82 e0       	ldi	r24, 0x02	; 2
     7ba:	0e 94 f4 06 	call	0xde8	; 0xde8 <DIO_set_pin_value>
     7be:	4c 2f       	mov	r20, r28
     7c0:	41 70       	andi	r20, 0x01	; 1
     7c2:	64 e0       	ldi	r22, 0x04	; 4
     7c4:	82 e0       	ldi	r24, 0x02	; 2
     7c6:	0e 94 f4 06 	call	0xde8	; 0xde8 <DIO_set_pin_value>
     7ca:	c1 fb       	bst	r28, 1
     7cc:	44 27       	eor	r20, r20
     7ce:	40 f9       	bld	r20, 0
     7d0:	65 e0       	ldi	r22, 0x05	; 5
     7d2:	82 e0       	ldi	r24, 0x02	; 2
     7d4:	0e 94 f4 06 	call	0xde8	; 0xde8 <DIO_set_pin_value>
     7d8:	c2 fb       	bst	r28, 2
     7da:	44 27       	eor	r20, r20
     7dc:	40 f9       	bld	r20, 0
     7de:	66 e0       	ldi	r22, 0x06	; 6
     7e0:	82 e0       	ldi	r24, 0x02	; 2
     7e2:	0e 94 f4 06 	call	0xde8	; 0xde8 <DIO_set_pin_value>
     7e6:	c3 fb       	bst	r28, 3
     7e8:	44 27       	eor	r20, r20
     7ea:	40 f9       	bld	r20, 0
     7ec:	67 e0       	ldi	r22, 0x07	; 7
     7ee:	82 e0       	ldi	r24, 0x02	; 2
     7f0:	0e 94 f4 06 	call	0xde8	; 0xde8 <DIO_set_pin_value>

000007f4 <.L6>:
     7f4:	41 e0       	ldi	r20, 0x01	; 1
     7f6:	63 e0       	ldi	r22, 0x03	; 3
     7f8:	82 e0       	ldi	r24, 0x02	; 2
     7fa:	0e 94 f4 06 	call	0xde8	; 0xde8 <DIO_set_pin_value>
     7fe:	8f ec       	ldi	r24, 0xCF	; 207
     800:	97 e0       	ldi	r25, 0x07	; 7

00000802 <.L1^B4>:
     802:	01 97       	sbiw	r24, 0x01	; 1
     804:	f1 f7       	brne	.-4      	; 0x802 <.L1^B4>
     806:	00 c0       	rjmp	.+0      	; 0x808 <L0^A>

00000808 <L0^A>:
     808:	00 00       	nop
     80a:	40 e0       	ldi	r20, 0x00	; 0
     80c:	63 e0       	ldi	r22, 0x03	; 3
     80e:	82 e0       	ldi	r24, 0x02	; 2
     810:	cf 91       	pop	r28
     812:	0c 94 f4 06 	jmp	0xde8	; 0xde8 <DIO_set_pin_value>

00000816 <.L8>:
     816:	41 e0       	ldi	r20, 0x01	; 1
     818:	62 e0       	ldi	r22, 0x02	; 2
     81a:	82 e0       	ldi	r24, 0x02	; 2
     81c:	0e 94 f4 06 	call	0xde8	; 0xde8 <DIO_set_pin_value>
     820:	6c 2f       	mov	r22, r28
     822:	82 e0       	ldi	r24, 0x02	; 2
     824:	0e 94 6f 07 	call	0xede	; 0xede <DIO_set_group_value>
     828:	e5 cf       	rjmp	.-54     	; 0x7f4 <.L6>

0000082a <LCD_WriteCommand>:
     82a:	cf 93       	push	r28
     82c:	df 93       	push	r29
     82e:	0f 92       	push	r0
     830:	cd b7       	in	r28, 0x3d	; 61
     832:	de b7       	in	r29, 0x3e	; 62
     834:	89 83       	std	Y+1, r24	; 0x01
     836:	61 30       	cpi	r22, 0x01	; 1
     838:	28 f0       	brcs	.+10     	; 0x844 <.L12>
     83a:	49 f0       	breq	.+18     	; 0x84e <.L13>
     83c:	0f 90       	pop	r0
     83e:	df 91       	pop	r29
     840:	cf 91       	pop	r28
     842:	08 95       	ret

00000844 <.L12>:
     844:	0f 90       	pop	r0
     846:	df 91       	pop	r29
     848:	cf 91       	pop	r28
     84a:	0c 94 47 03 	jmp	0x68e	; 0x68e <LCD_WriteCommand.part.0>

0000084e <.L13>:
     84e:	40 e0       	ldi	r20, 0x00	; 0
     850:	62 e0       	ldi	r22, 0x02	; 2
     852:	82 e0       	ldi	r24, 0x02	; 2
     854:	0e 94 f4 06 	call	0xde8	; 0xde8 <DIO_set_pin_value>
     858:	69 81       	ldd	r22, Y+1	; 0x01
     85a:	82 e0       	ldi	r24, 0x02	; 2
     85c:	0e 94 6f 07 	call	0xede	; 0xede <DIO_set_group_value>
     860:	41 e0       	ldi	r20, 0x01	; 1
     862:	63 e0       	ldi	r22, 0x03	; 3
     864:	82 e0       	ldi	r24, 0x02	; 2
     866:	0e 94 f4 06 	call	0xde8	; 0xde8 <DIO_set_pin_value>
     86a:	8f ec       	ldi	r24, 0xCF	; 207
     86c:	97 e0       	ldi	r25, 0x07	; 7

0000086e <.L1^B5>:
     86e:	01 97       	sbiw	r24, 0x01	; 1
     870:	f1 f7       	brne	.-4      	; 0x86e <.L1^B5>
     872:	00 c0       	rjmp	.+0      	; 0x874 <L0^A>

00000874 <L0^A>:
     874:	00 00       	nop
     876:	40 e0       	ldi	r20, 0x00	; 0
     878:	63 e0       	ldi	r22, 0x03	; 3
     87a:	82 e0       	ldi	r24, 0x02	; 2
     87c:	0f 90       	pop	r0
     87e:	df 91       	pop	r29
     880:	cf 91       	pop	r28
     882:	0c 94 f4 06 	jmp	0xde8	; 0xde8 <DIO_set_pin_value>

00000886 <LCD_INIT>:
     886:	81 30       	cpi	r24, 0x01	; 1
     888:	18 f0       	brcs	.+6      	; 0x890 <.L17>
     88a:	09 f4       	brne	.+2      	; 0x88e <L0^A+0x2>

0000088c <L0^A>:
     88c:	46 c0       	rjmp	.+140    	; 0x91a <.L18>
     88e:	08 95       	ret

00000890 <.L17>:
     890:	60 ef       	ldi	r22, 0xF0	; 240
     892:	82 e0       	ldi	r24, 0x02	; 2
     894:	0e 94 5f 07 	call	0xebe	; 0xebe <DIO_set_group_direction>
     898:	41 e0       	ldi	r20, 0x01	; 1
     89a:	62 e0       	ldi	r22, 0x02	; 2
     89c:	82 e0       	ldi	r24, 0x02	; 2
     89e:	0e 94 b9 06 	call	0xd72	; 0xd72 <DIO_set_pin_direction>
     8a2:	41 e0       	ldi	r20, 0x01	; 1
     8a4:	63 e0       	ldi	r22, 0x03	; 3
     8a6:	82 e0       	ldi	r24, 0x02	; 2
     8a8:	0e 94 b9 06 	call	0xd72	; 0xd72 <DIO_set_pin_direction>
     8ac:	2f eb       	ldi	r18, 0xBF	; 191
     8ae:	8a ed       	ldi	r24, 0xDA	; 218
     8b0:	90 e0       	ldi	r25, 0x00	; 0

000008b2 <.L1^B6>:
     8b2:	21 50       	subi	r18, 0x01	; 1
     8b4:	80 40       	sbci	r24, 0x00	; 0
     8b6:	90 40       	sbci	r25, 0x00	; 0
     8b8:	e1 f7       	brne	.-8      	; 0x8b2 <.L1^B6>
     8ba:	00 c0       	rjmp	.+0      	; 0x8bc <L0^A>

000008bc <L0^A>:
     8bc:	00 00       	nop
     8be:	82 e0       	ldi	r24, 0x02	; 2
     8c0:	0e 94 47 03 	call	0x68e	; 0x68e <LCD_WriteCommand.part.0>
     8c4:	8f e9       	ldi	r24, 0x9F	; 159
     8c6:	9f e0       	ldi	r25, 0x0F	; 15

000008c8 <.L1^B7>:
     8c8:	01 97       	sbiw	r24, 0x01	; 1
     8ca:	f1 f7       	brne	.-4      	; 0x8c8 <.L1^B7>
     8cc:	00 c0       	rjmp	.+0      	; 0x8ce <L0^A>

000008ce <L0^A>:
     8ce:	00 00       	nop
     8d0:	88 e2       	ldi	r24, 0x28	; 40
     8d2:	0e 94 47 03 	call	0x68e	; 0x68e <LCD_WriteCommand.part.0>
     8d6:	8f ec       	ldi	r24, 0xCF	; 207
     8d8:	97 e0       	ldi	r25, 0x07	; 7

000008da <.L1^B8>:
     8da:	01 97       	sbiw	r24, 0x01	; 1
     8dc:	f1 f7       	brne	.-4      	; 0x8da <.L1^B8>
     8de:	00 c0       	rjmp	.+0      	; 0x8e0 <L0^A>

000008e0 <L0^A>:
     8e0:	00 00       	nop
     8e2:	8c e0       	ldi	r24, 0x0C	; 12
     8e4:	0e 94 47 03 	call	0x68e	; 0x68e <LCD_WriteCommand.part.0>
     8e8:	8f ec       	ldi	r24, 0xCF	; 207
     8ea:	97 e0       	ldi	r25, 0x07	; 7

000008ec <.L1^B9>:
     8ec:	01 97       	sbiw	r24, 0x01	; 1
     8ee:	f1 f7       	brne	.-4      	; 0x8ec <.L1^B9>
     8f0:	00 c0       	rjmp	.+0      	; 0x8f2 <L0^A>

000008f2 <L0^A>:
     8f2:	00 00       	nop
     8f4:	81 e0       	ldi	r24, 0x01	; 1
     8f6:	0e 94 47 03 	call	0x68e	; 0x68e <LCD_WriteCommand.part.0>
     8fa:	8f e9       	ldi	r24, 0x9F	; 159
     8fc:	9f e0       	ldi	r25, 0x0F	; 15

000008fe <.L1^B10>:
     8fe:	01 97       	sbiw	r24, 0x01	; 1
     900:	f1 f7       	brne	.-4      	; 0x8fe <.L1^B10>
     902:	00 c0       	rjmp	.+0      	; 0x904 <L0^A>

00000904 <L0^A>:
     904:	00 00       	nop
     906:	86 e0       	ldi	r24, 0x06	; 6
     908:	0e 94 47 03 	call	0x68e	; 0x68e <LCD_WriteCommand.part.0>
     90c:	8f ec       	ldi	r24, 0xCF	; 207
     90e:	97 e0       	ldi	r25, 0x07	; 7

00000910 <.L1^B11>:
     910:	01 97       	sbiw	r24, 0x01	; 1
     912:	f1 f7       	brne	.-4      	; 0x910 <.L1^B11>
     914:	00 c0       	rjmp	.+0      	; 0x916 <L0^A>

00000916 <L0^A>:
     916:	00 00       	nop
     918:	08 95       	ret

0000091a <.L18>:
     91a:	6f ef       	ldi	r22, 0xFF	; 255
     91c:	82 e0       	ldi	r24, 0x02	; 2
     91e:	0e 94 5f 07 	call	0xebe	; 0xebe <DIO_set_group_direction>
     922:	41 e0       	ldi	r20, 0x01	; 1
     924:	62 e0       	ldi	r22, 0x02	; 2
     926:	82 e0       	ldi	r24, 0x02	; 2
     928:	0e 94 b9 06 	call	0xd72	; 0xd72 <DIO_set_pin_direction>
     92c:	41 e0       	ldi	r20, 0x01	; 1
     92e:	63 e0       	ldi	r22, 0x03	; 3
     930:	82 e0       	ldi	r24, 0x02	; 2
     932:	0e 94 b9 06 	call	0xd72	; 0xd72 <DIO_set_pin_direction>
     936:	9f eb       	ldi	r25, 0xBF	; 191
     938:	2a ed       	ldi	r18, 0xDA	; 218
     93a:	80 e0       	ldi	r24, 0x00	; 0

0000093c <.L1^B12>:
     93c:	91 50       	subi	r25, 0x01	; 1
     93e:	20 40       	sbci	r18, 0x00	; 0
     940:	80 40       	sbci	r24, 0x00	; 0
     942:	e1 f7       	brne	.-8      	; 0x93c <.L1^B12>
     944:	00 c0       	rjmp	.+0      	; 0x946 <L0^A>

00000946 <L0^A>:
     946:	00 00       	nop
     948:	40 e0       	ldi	r20, 0x00	; 0
     94a:	62 e0       	ldi	r22, 0x02	; 2
     94c:	82 e0       	ldi	r24, 0x02	; 2
     94e:	0e 94 f4 06 	call	0xde8	; 0xde8 <DIO_set_pin_value>
     952:	68 e3       	ldi	r22, 0x38	; 56
     954:	82 e0       	ldi	r24, 0x02	; 2
     956:	0e 94 6f 07 	call	0xede	; 0xede <DIO_set_group_value>
     95a:	41 e0       	ldi	r20, 0x01	; 1
     95c:	63 e0       	ldi	r22, 0x03	; 3
     95e:	82 e0       	ldi	r24, 0x02	; 2
     960:	0e 94 f4 06 	call	0xde8	; 0xde8 <DIO_set_pin_value>
     964:	8f ec       	ldi	r24, 0xCF	; 207
     966:	97 e0       	ldi	r25, 0x07	; 7

00000968 <.L1^B13>:
     968:	01 97       	sbiw	r24, 0x01	; 1
     96a:	f1 f7       	brne	.-4      	; 0x968 <.L1^B13>
     96c:	00 c0       	rjmp	.+0      	; 0x96e <L0^A>

0000096e <L0^A>:
     96e:	00 00       	nop
     970:	40 e0       	ldi	r20, 0x00	; 0
     972:	63 e0       	ldi	r22, 0x03	; 3
     974:	82 e0       	ldi	r24, 0x02	; 2
     976:	0e 94 f4 06 	call	0xde8	; 0xde8 <DIO_set_pin_value>
     97a:	8f ec       	ldi	r24, 0xCF	; 207
     97c:	97 e0       	ldi	r25, 0x07	; 7

0000097e <.L1^B14>:
     97e:	01 97       	sbiw	r24, 0x01	; 1
     980:	f1 f7       	brne	.-4      	; 0x97e <.L1^B14>
     982:	00 c0       	rjmp	.+0      	; 0x984 <L0^A>

00000984 <L0^A>:
     984:	00 00       	nop
     986:	40 e0       	ldi	r20, 0x00	; 0
     988:	62 e0       	ldi	r22, 0x02	; 2
     98a:	82 e0       	ldi	r24, 0x02	; 2
     98c:	0e 94 f4 06 	call	0xde8	; 0xde8 <DIO_set_pin_value>
     990:	6e e0       	ldi	r22, 0x0E	; 14
     992:	82 e0       	ldi	r24, 0x02	; 2
     994:	0e 94 6f 07 	call	0xede	; 0xede <DIO_set_group_value>
     998:	41 e0       	ldi	r20, 0x01	; 1
     99a:	63 e0       	ldi	r22, 0x03	; 3
     99c:	82 e0       	ldi	r24, 0x02	; 2
     99e:	0e 94 f4 06 	call	0xde8	; 0xde8 <DIO_set_pin_value>
     9a2:	8f ec       	ldi	r24, 0xCF	; 207
     9a4:	97 e0       	ldi	r25, 0x07	; 7

000009a6 <.L1^B15>:
     9a6:	01 97       	sbiw	r24, 0x01	; 1
     9a8:	f1 f7       	brne	.-4      	; 0x9a6 <.L1^B15>
     9aa:	00 c0       	rjmp	.+0      	; 0x9ac <L0^A>

000009ac <L0^A>:
     9ac:	00 00       	nop
     9ae:	40 e0       	ldi	r20, 0x00	; 0
     9b0:	63 e0       	ldi	r22, 0x03	; 3
     9b2:	82 e0       	ldi	r24, 0x02	; 2
     9b4:	0e 94 f4 06 	call	0xde8	; 0xde8 <DIO_set_pin_value>
     9b8:	8f ec       	ldi	r24, 0xCF	; 207
     9ba:	97 e0       	ldi	r25, 0x07	; 7

000009bc <.L1^B16>:
     9bc:	01 97       	sbiw	r24, 0x01	; 1
     9be:	f1 f7       	brne	.-4      	; 0x9bc <.L1^B16>
     9c0:	00 c0       	rjmp	.+0      	; 0x9c2 <L0^A>

000009c2 <L0^A>:
     9c2:	00 00       	nop
     9c4:	40 e0       	ldi	r20, 0x00	; 0
     9c6:	62 e0       	ldi	r22, 0x02	; 2
     9c8:	82 e0       	ldi	r24, 0x02	; 2
     9ca:	0e 94 f4 06 	call	0xde8	; 0xde8 <DIO_set_pin_value>
     9ce:	61 e0       	ldi	r22, 0x01	; 1
     9d0:	82 e0       	ldi	r24, 0x02	; 2
     9d2:	0e 94 6f 07 	call	0xede	; 0xede <DIO_set_group_value>
     9d6:	41 e0       	ldi	r20, 0x01	; 1
     9d8:	63 e0       	ldi	r22, 0x03	; 3
     9da:	82 e0       	ldi	r24, 0x02	; 2
     9dc:	0e 94 f4 06 	call	0xde8	; 0xde8 <DIO_set_pin_value>
     9e0:	8f ec       	ldi	r24, 0xCF	; 207
     9e2:	97 e0       	ldi	r25, 0x07	; 7

000009e4 <.L1^B17>:
     9e4:	01 97       	sbiw	r24, 0x01	; 1
     9e6:	f1 f7       	brne	.-4      	; 0x9e4 <.L1^B17>
     9e8:	00 c0       	rjmp	.+0      	; 0x9ea <L0^A>

000009ea <L0^A>:
     9ea:	00 00       	nop
     9ec:	40 e0       	ldi	r20, 0x00	; 0
     9ee:	63 e0       	ldi	r22, 0x03	; 3
     9f0:	82 e0       	ldi	r24, 0x02	; 2
     9f2:	0e 94 f4 06 	call	0xde8	; 0xde8 <DIO_set_pin_value>
     9f6:	8f e9       	ldi	r24, 0x9F	; 159
     9f8:	9f e0       	ldi	r25, 0x0F	; 15

000009fa <.L1^B18>:
     9fa:	01 97       	sbiw	r24, 0x01	; 1
     9fc:	f1 f7       	brne	.-4      	; 0x9fa <.L1^B18>
     9fe:	00 c0       	rjmp	.+0      	; 0xa00 <L0^A>

00000a00 <L0^A>:
     a00:	00 00       	nop
     a02:	40 e0       	ldi	r20, 0x00	; 0
     a04:	62 e0       	ldi	r22, 0x02	; 2
     a06:	82 e0       	ldi	r24, 0x02	; 2
     a08:	0e 94 f4 06 	call	0xde8	; 0xde8 <DIO_set_pin_value>
     a0c:	66 e0       	ldi	r22, 0x06	; 6
     a0e:	82 e0       	ldi	r24, 0x02	; 2
     a10:	0e 94 6f 07 	call	0xede	; 0xede <DIO_set_group_value>
     a14:	41 e0       	ldi	r20, 0x01	; 1
     a16:	63 e0       	ldi	r22, 0x03	; 3
     a18:	82 e0       	ldi	r24, 0x02	; 2
     a1a:	0e 94 f4 06 	call	0xde8	; 0xde8 <DIO_set_pin_value>
     a1e:	8f ec       	ldi	r24, 0xCF	; 207
     a20:	97 e0       	ldi	r25, 0x07	; 7

00000a22 <.L1^B19>:
     a22:	01 97       	sbiw	r24, 0x01	; 1
     a24:	f1 f7       	brne	.-4      	; 0xa22 <.L1^B19>
     a26:	00 c0       	rjmp	.+0      	; 0xa28 <L0^A>

00000a28 <L0^A>:
     a28:	00 00       	nop
     a2a:	40 e0       	ldi	r20, 0x00	; 0
     a2c:	63 e0       	ldi	r22, 0x03	; 3
     a2e:	82 e0       	ldi	r24, 0x02	; 2
     a30:	0e 94 f4 06 	call	0xde8	; 0xde8 <DIO_set_pin_value>
     a34:	8f ec       	ldi	r24, 0xCF	; 207
     a36:	97 e0       	ldi	r25, 0x07	; 7

00000a38 <.L1^B20>:
     a38:	01 97       	sbiw	r24, 0x01	; 1
     a3a:	f1 f7       	brne	.-4      	; 0xa38 <.L1^B20>
     a3c:	00 c0       	rjmp	.+0      	; 0xa3e <L0^A>

00000a3e <L0^A>:
     a3e:	00 00       	nop
     a40:	08 95       	ret

00000a42 <LCD_WriteString>:
     a42:	0f 93       	push	r16
     a44:	1f 93       	push	r17
     a46:	cf 93       	push	r28
     a48:	df 93       	push	r29
     a4a:	00 d0       	rcall	.+0      	; 0xa4c <L0^A>

00000a4c <L0^A>:
     a4c:	cd b7       	in	r28, 0x3d	; 61
     a4e:	de b7       	in	r29, 0x3e	; 62
     a50:	8c 01       	movw	r16, r24
     a52:	69 83       	std	Y+1, r22	; 0x01
     a54:	fc 01       	movw	r30, r24
     a56:	80 81       	ld	r24, Z
     a58:	81 15       	cp	r24, r1
     a5a:	71 f0       	breq	.+28     	; 0xa78 <.L19>
     a5c:	1a 82       	std	Y+2, r1	; 0x02

00000a5e <.L21>:
     a5e:	69 81       	ldd	r22, Y+1	; 0x01
     a60:	0e 94 a6 03 	call	0x74c	; 0x74c <LCD_WriteData>
     a64:	fa 81       	ldd	r31, Y+2	; 0x02
     a66:	ff 5f       	subi	r31, 0xFF	; 255
     a68:	fa 83       	std	Y+2, r31	; 0x02
     a6a:	f8 01       	movw	r30, r16
     a6c:	8a 81       	ldd	r24, Y+2	; 0x02
     a6e:	e8 0f       	add	r30, r24
     a70:	f1 1d       	adc	r31, r1
     a72:	80 81       	ld	r24, Z
     a74:	81 11       	cpse	r24, r1
     a76:	f3 cf       	rjmp	.-26     	; 0xa5e <.L21>

00000a78 <.L19>:
     a78:	0f 90       	pop	r0
     a7a:	0f 90       	pop	r0
     a7c:	df 91       	pop	r29
     a7e:	cf 91       	pop	r28
     a80:	1f 91       	pop	r17
     a82:	0f 91       	pop	r16
     a84:	08 95       	ret

00000a86 <LCD_GoToXY>:
     a86:	cf 93       	push	r28
     a88:	df 93       	push	r29
     a8a:	0f 92       	push	r0
     a8c:	cd b7       	in	r28, 0x3d	; 61
     a8e:	de b7       	in	r29, 0x3e	; 62
     a90:	81 30       	cpi	r24, 0x01	; 1
     a92:	60 f0       	brcs	.+24     	; 0xaac <.L32>
     a94:	51 f0       	breq	.+20     	; 0xaaa <.L28>
     a96:	80 e8       	ldi	r24, 0x80	; 128
     a98:	89 83       	std	Y+1, r24	; 0x01
     a9a:	41 30       	cpi	r20, 0x01	; 1
     a9c:	58 f4       	brcc	.+22     	; 0xab4 <.L30>

00000a9e <.L33>:
     a9e:	89 81       	ldd	r24, Y+1	; 0x01
     aa0:	0f 90       	pop	r0
     aa2:	df 91       	pop	r29
     aa4:	cf 91       	pop	r28
     aa6:	0c 94 47 03 	jmp	0x68e	; 0x68e <LCD_WriteCommand.part.0>

00000aaa <.L28>:
     aaa:	60 5c       	subi	r22, 0xC0	; 192

00000aac <.L32>:
     aac:	60 68       	ori	r22, 0x80	; 128
     aae:	69 83       	std	Y+1, r22	; 0x01
     ab0:	41 30       	cpi	r20, 0x01	; 1
     ab2:	a8 f3       	brcs	.-22     	; 0xa9e <.L33>

00000ab4 <.L30>:
     ab4:	21 f0       	breq	.+8      	; 0xabe <.L34>
     ab6:	0f 90       	pop	r0
     ab8:	df 91       	pop	r29
     aba:	cf 91       	pop	r28
     abc:	08 95       	ret

00000abe <.L34>:
     abe:	40 e0       	ldi	r20, 0x00	; 0
     ac0:	62 e0       	ldi	r22, 0x02	; 2
     ac2:	82 e0       	ldi	r24, 0x02	; 2
     ac4:	0e 94 f4 06 	call	0xde8	; 0xde8 <DIO_set_pin_value>
     ac8:	69 81       	ldd	r22, Y+1	; 0x01
     aca:	82 e0       	ldi	r24, 0x02	; 2
     acc:	0e 94 6f 07 	call	0xede	; 0xede <DIO_set_group_value>
     ad0:	41 e0       	ldi	r20, 0x01	; 1
     ad2:	63 e0       	ldi	r22, 0x03	; 3
     ad4:	82 e0       	ldi	r24, 0x02	; 2
     ad6:	0e 94 f4 06 	call	0xde8	; 0xde8 <DIO_set_pin_value>
     ada:	8f ec       	ldi	r24, 0xCF	; 207
     adc:	97 e0       	ldi	r25, 0x07	; 7

00000ade <.L1^B21>:
     ade:	01 97       	sbiw	r24, 0x01	; 1
     ae0:	f1 f7       	brne	.-4      	; 0xade <.L1^B21>
     ae2:	00 c0       	rjmp	.+0      	; 0xae4 <L0^A>

00000ae4 <L0^A>:
     ae4:	00 00       	nop
     ae6:	40 e0       	ldi	r20, 0x00	; 0
     ae8:	63 e0       	ldi	r22, 0x03	; 3
     aea:	82 e0       	ldi	r24, 0x02	; 2
     aec:	0f 90       	pop	r0
     aee:	df 91       	pop	r29
     af0:	cf 91       	pop	r28
     af2:	0c 94 f4 06 	jmp	0xde8	; 0xde8 <DIO_set_pin_value>

00000af6 <LCD_WriteNUMBER>:
     af6:	ef 92       	push	r14
     af8:	ff 92       	push	r15
     afa:	0f 93       	push	r16
     afc:	1f 93       	push	r17
     afe:	cf 93       	push	r28
     b00:	df 93       	push	r29
     b02:	cd b7       	in	r28, 0x3d	; 61
     b04:	de b7       	in	r29, 0x3e	; 62
     b06:	2b 97       	sbiw	r28, 0x0b	; 11
     b08:	0f b6       	in	r0, 0x3f	; 63
     b0a:	f8 94       	cli
     b0c:	de bf       	out	0x3e, r29	; 62
     b0e:	0f be       	out	0x3f, r0	; 63
     b10:	cd bf       	out	0x3d, r28	; 61
     b12:	6b 87       	std	Y+11, r22	; 0x0b
     b14:	81 15       	cp	r24, r1
     b16:	e1 f1       	breq	.+120    	; 0xb90 <.L42>
     b18:	30 e0       	ldi	r19, 0x00	; 0
     b1a:	8e 01       	movw	r16, r28
     b1c:	0f 5f       	subi	r16, 0xFF	; 255
     b1e:	1f 4f       	sbci	r17, 0xFF	; 255
     b20:	5d ec       	ldi	r21, 0xCD	; 205

00000b22 <.L36>:
     b22:	43 2f       	mov	r20, r19
     b24:	3f 5f       	subi	r19, 0xFF	; 255
     b26:	f8 01       	movw	r30, r16
     b28:	e4 0f       	add	r30, r20
     b2a:	f1 1d       	adc	r31, r1
     b2c:	85 9f       	mul	r24, r21
     b2e:	91 2d       	mov	r25, r1
     b30:	11 24       	eor	r1, r1
     b32:	96 95       	lsr	r25
     b34:	96 95       	lsr	r25
     b36:	96 95       	lsr	r25
     b38:	29 2f       	mov	r18, r25
     b3a:	22 0f       	add	r18, r18
     b3c:	22 0f       	add	r18, r18
     b3e:	29 0f       	add	r18, r25
     b40:	22 0f       	add	r18, r18
     b42:	68 2f       	mov	r22, r24
     b44:	62 1b       	sub	r22, r18
     b46:	26 2f       	mov	r18, r22
     b48:	20 5d       	subi	r18, 0xD0	; 208
     b4a:	20 83       	st	Z, r18
     b4c:	28 2f       	mov	r18, r24
     b4e:	89 2f       	mov	r24, r25
     b50:	2a 30       	cpi	r18, 0x0A	; 10
     b52:	38 f7       	brcc	.-50     	; 0xb22 <.L36>
     b54:	47 fd       	sbrc	r20, 7
     b56:	0f c0       	rjmp	.+30     	; 0xb76 <.L35>
     b58:	78 01       	movw	r14, r16
     b5a:	8f ef       	ldi	r24, 0xFF	; 255
     b5c:	e8 1a       	sub	r14, r24
     b5e:	f8 0a       	sbc	r15, r24
     b60:	e4 0e       	add	r14, r20
     b62:	f1 1c       	adc	r15, r1

00000b64 <.L38>:
     b64:	6b 85       	ldd	r22, Y+11	; 0x0b
     b66:	f7 01       	movw	r30, r14
     b68:	82 91       	ld	r24, -Z
     b6a:	7f 01       	movw	r14, r30
     b6c:	0e 94 a6 03 	call	0x74c	; 0x74c <LCD_WriteData>
     b70:	e0 16       	cp	r14, r16
     b72:	f1 06       	cpc	r15, r17
     b74:	b9 f7       	brne	.-18     	; 0xb64 <.L38>

00000b76 <.L35>:
     b76:	2b 96       	adiw	r28, 0x0b	; 11
     b78:	0f b6       	in	r0, 0x3f	; 63
     b7a:	f8 94       	cli
     b7c:	de bf       	out	0x3e, r29	; 62
     b7e:	0f be       	out	0x3f, r0	; 63
     b80:	cd bf       	out	0x3d, r28	; 61
     b82:	df 91       	pop	r29
     b84:	cf 91       	pop	r28
     b86:	1f 91       	pop	r17
     b88:	0f 91       	pop	r16
     b8a:	ff 90       	pop	r15
     b8c:	ef 90       	pop	r14
     b8e:	08 95       	ret

00000b90 <.L42>:
     b90:	80 e3       	ldi	r24, 0x30	; 48
     b92:	2b 96       	adiw	r28, 0x0b	; 11
     b94:	0f b6       	in	r0, 0x3f	; 63
     b96:	f8 94       	cli
     b98:	de bf       	out	0x3e, r29	; 62
     b9a:	0f be       	out	0x3f, r0	; 63
     b9c:	cd bf       	out	0x3d, r28	; 61
     b9e:	df 91       	pop	r29
     ba0:	cf 91       	pop	r28
     ba2:	1f 91       	pop	r17
     ba4:	0f 91       	pop	r16
     ba6:	ff 90       	pop	r15
     ba8:	ef 90       	pop	r14
     baa:	0c 94 a6 03 	jmp	0x74c	; 0x74c <LCD_WriteData>

00000bae <LED_initialization>:
     bae:	41 e0       	ldi	r20, 0x01	; 1
     bb0:	66 e0       	ldi	r22, 0x06	; 6
     bb2:	81 e0       	ldi	r24, 0x01	; 1
     bb4:	0e 94 b9 06 	call	0xd72	; 0xd72 <DIO_set_pin_direction>
     bb8:	41 e0       	ldi	r20, 0x01	; 1
     bba:	62 e0       	ldi	r22, 0x02	; 2
     bbc:	81 e0       	ldi	r24, 0x01	; 1
     bbe:	0e 94 b9 06 	call	0xd72	; 0xd72 <DIO_set_pin_direction>
     bc2:	41 e0       	ldi	r20, 0x01	; 1
     bc4:	61 e0       	ldi	r22, 0x01	; 1
     bc6:	81 e0       	ldi	r24, 0x01	; 1
     bc8:	0c 94 b9 06 	jmp	0xd72	; 0xd72 <DIO_set_pin_direction>

00000bcc <LED_SetStatus>:
     bcc:	82 30       	cpi	r24, 0x02	; 2
     bce:	a1 f1       	breq	.+104    	; 0xc38 <.L4>
     bd0:	90 f4       	brcc	.+36     	; 0xbf6 <.L5>
     bd2:	81 15       	cp	r24, r1
     bd4:	09 f4       	brne	.+2      	; 0xbd8 <L0^A+0x2>

00000bd6 <L0^A>:
     bd6:	3f c0       	rjmp	.+126    	; 0xc56 <.L16>
     bd8:	40 e0       	ldi	r20, 0x00	; 0
     bda:	66 e0       	ldi	r22, 0x06	; 6
     bdc:	81 e0       	ldi	r24, 0x01	; 1
     bde:	0e 94 f4 06 	call	0xde8	; 0xde8 <DIO_set_pin_value>
     be2:	41 e0       	ldi	r20, 0x01	; 1

00000be4 <.L15>:
     be4:	62 e0       	ldi	r22, 0x02	; 2
     be6:	81 e0       	ldi	r24, 0x01	; 1
     be8:	0e 94 f4 06 	call	0xde8	; 0xde8 <DIO_set_pin_value>
     bec:	40 e0       	ldi	r20, 0x00	; 0
     bee:	61 e0       	ldi	r22, 0x01	; 1
     bf0:	81 e0       	ldi	r24, 0x01	; 1
     bf2:	0c 94 f4 06 	jmp	0xde8	; 0xde8 <DIO_set_pin_value>

00000bf6 <.L5>:
     bf6:	83 30       	cpi	r24, 0x03	; 3
     bf8:	c1 f4       	brne	.+48     	; 0xc2a <.L17>
     bfa:	40 e0       	ldi	r20, 0x00	; 0
     bfc:	66 e0       	ldi	r22, 0x06	; 6
     bfe:	81 e0       	ldi	r24, 0x01	; 1
     c00:	0e 94 f4 06 	call	0xde8	; 0xde8 <DIO_set_pin_value>
     c04:	40 e0       	ldi	r20, 0x00	; 0
     c06:	62 e0       	ldi	r22, 0x02	; 2
     c08:	81 e0       	ldi	r24, 0x01	; 1
     c0a:	0e 94 f4 06 	call	0xde8	; 0xde8 <DIO_set_pin_value>
     c0e:	88 b3       	in	r24, 0x18	; 24
     c10:	92 e0       	ldi	r25, 0x02	; 2
     c12:	89 27       	eor	r24, r25
     c14:	88 bb       	out	0x18, r24	; 24
     c16:	2f ef       	ldi	r18, 0xFF	; 255
     c18:	84 e3       	ldi	r24, 0x34	; 52
     c1a:	9c e0       	ldi	r25, 0x0C	; 12

00000c1c <.L1^B1>:
     c1c:	21 50       	subi	r18, 0x01	; 1
     c1e:	80 40       	sbci	r24, 0x00	; 0
     c20:	90 40       	sbci	r25, 0x00	; 0
     c22:	e1 f7       	brne	.-8      	; 0xc1c <.L1^B1>
     c24:	00 c0       	rjmp	.+0      	; 0xc26 <L0^A>

00000c26 <L0^A>:
     c26:	00 00       	nop
     c28:	08 95       	ret

00000c2a <.L17>:
     c2a:	40 e0       	ldi	r20, 0x00	; 0

00000c2c <.L14>:
     c2c:	66 e0       	ldi	r22, 0x06	; 6
     c2e:	81 e0       	ldi	r24, 0x01	; 1
     c30:	0e 94 f4 06 	call	0xde8	; 0xde8 <DIO_set_pin_value>
     c34:	40 e0       	ldi	r20, 0x00	; 0
     c36:	d6 cf       	rjmp	.-84     	; 0xbe4 <.L15>

00000c38 <.L4>:
     c38:	40 e0       	ldi	r20, 0x00	; 0
     c3a:	66 e0       	ldi	r22, 0x06	; 6
     c3c:	81 e0       	ldi	r24, 0x01	; 1
     c3e:	0e 94 f4 06 	call	0xde8	; 0xde8 <DIO_set_pin_value>
     c42:	40 e0       	ldi	r20, 0x00	; 0
     c44:	62 e0       	ldi	r22, 0x02	; 2
     c46:	81 e0       	ldi	r24, 0x01	; 1
     c48:	0e 94 f4 06 	call	0xde8	; 0xde8 <DIO_set_pin_value>
     c4c:	41 e0       	ldi	r20, 0x01	; 1
     c4e:	61 e0       	ldi	r22, 0x01	; 1
     c50:	81 e0       	ldi	r24, 0x01	; 1
     c52:	0c 94 f4 06 	jmp	0xde8	; 0xde8 <DIO_set_pin_value>

00000c56 <.L16>:
     c56:	41 e0       	ldi	r20, 0x01	; 1
     c58:	e9 cf       	rjmp	.-46     	; 0xc2c <.L14>

00000c5a <LM35_init>:
     c5a:	40 e0       	ldi	r20, 0x00	; 0
     c5c:	60 e0       	ldi	r22, 0x00	; 0
     c5e:	80 e0       	ldi	r24, 0x00	; 0
     c60:	0e 94 b9 06 	call	0xd72	; 0xd72 <DIO_set_pin_direction>
     c64:	81 e0       	ldi	r24, 0x01	; 1
     c66:	0e 94 79 06 	call	0xcf2	; 0xcf2 <ADC_Init>
     c6a:	80 e0       	ldi	r24, 0x00	; 0
     c6c:	0c 94 9b 06 	jmp	0xd36	; 0xd36 <ADC_Adjust>

00000c70 <LM35_get_temperature>:
     c70:	80 e0       	ldi	r24, 0x00	; 0
     c72:	0e 94 a3 06 	call	0xd46	; 0xd46 <ADC_Channel>
     c76:	80 e0       	ldi	r24, 0x00	; 0
     c78:	0e 94 a8 06 	call	0xd50	; 0xd50 <ADC_StartConversion>
     c7c:	0e 94 b1 06 	call	0xd62	; 0xd62 <ADC_ReadResult>
     c80:	9c 01       	movw	r18, r24
     c82:	a8 e8       	ldi	r26, 0x88	; 136
     c84:	b3 e1       	ldi	r27, 0x13	; 19
     c86:	0e 94 62 0a 	call	0x14c4	; 0x14c4 <__umulhisi3>
     c8a:	67 2f       	mov	r22, r23
     c8c:	78 2f       	mov	r23, r24
     c8e:	89 2f       	mov	r24, r25
     c90:	90 e0       	ldi	r25, 0x00	; 0
     c92:	86 95       	lsr	r24
     c94:	77 95       	ror	r23
     c96:	67 95       	ror	r22
     c98:	86 95       	lsr	r24
     c9a:	77 95       	ror	r23
     c9c:	67 95       	ror	r22
     c9e:	2a e0       	ldi	r18, 0x0A	; 10
     ca0:	30 e0       	ldi	r19, 0x00	; 0
     ca2:	40 e0       	ldi	r20, 0x00	; 0
     ca4:	50 e0       	ldi	r21, 0x00	; 0
     ca6:	0e 94 71 0a 	call	0x14e2	; 0x14e2 <__udivmodsi4>
     caa:	82 2f       	mov	r24, r18
     cac:	08 95       	ret

00000cae <MQ2_init>:
     cae:	40 e0       	ldi	r20, 0x00	; 0
     cb0:	61 e0       	ldi	r22, 0x01	; 1
     cb2:	80 e0       	ldi	r24, 0x00	; 0
     cb4:	0e 94 b9 06 	call	0xd72	; 0xd72 <DIO_set_pin_direction>
     cb8:	81 e0       	ldi	r24, 0x01	; 1
     cba:	0e 94 79 06 	call	0xcf2	; 0xcf2 <ADC_Init>
     cbe:	80 e0       	ldi	r24, 0x00	; 0
     cc0:	0c 94 9b 06 	jmp	0xd36	; 0xd36 <ADC_Adjust>

00000cc4 <MQ2_read_smoke>:
     cc4:	81 e0       	ldi	r24, 0x01	; 1
     cc6:	0e 94 a3 06 	call	0xd46	; 0xd46 <ADC_Channel>
     cca:	80 e0       	ldi	r24, 0x00	; 0
     ccc:	0e 94 a8 06 	call	0xd50	; 0xd50 <ADC_StartConversion>
     cd0:	0e 94 b1 06 	call	0xd62	; 0xd62 <ADC_ReadResult>
     cd4:	9c 01       	movw	r18, r24
     cd6:	a8 e8       	ldi	r26, 0x88	; 136
     cd8:	b3 e1       	ldi	r27, 0x13	; 19
     cda:	0e 94 62 0a 	call	0x14c4	; 0x14c4 <__umulhisi3>
     cde:	a9 2f       	mov	r26, r25
     ce0:	98 2f       	mov	r25, r24
     ce2:	87 2f       	mov	r24, r23
     ce4:	a6 95       	lsr	r26
     ce6:	97 95       	ror	r25
     ce8:	87 95       	ror	r24
     cea:	a6 95       	lsr	r26
     cec:	97 95       	ror	r25
     cee:	87 95       	ror	r24
     cf0:	08 95       	ret

00000cf2 <ADC_Init>:
     cf2:	81 30       	cpi	r24, 0x01	; 1
     cf4:	a1 f0       	breq	.+40     	; 0xd1e <.L2>
     cf6:	82 30       	cpi	r24, 0x02	; 2
     cf8:	51 f0       	breq	.+20     	; 0xd0e <.L3>
     cfa:	81 11       	cpse	r24, r1
     cfc:	02 c0       	rjmp	.+4      	; 0xd02 <.L4>
     cfe:	3e 98       	cbi	0x07, 6	; 7
     d00:	3f 98       	cbi	0x07, 7	; 7

00000d02 <.L4>:
     d02:	86 b1       	in	r24, 0x06	; 6
     d04:	88 7f       	andi	r24, 0xF8	; 248
     d06:	86 60       	ori	r24, 0x06	; 6
     d08:	86 b9       	out	0x06, r24	; 6
     d0a:	37 9a       	sbi	0x06, 7	; 6
     d0c:	08 95       	ret

00000d0e <.L3>:
     d0e:	3e 9a       	sbi	0x07, 6	; 7
     d10:	3f 9a       	sbi	0x07, 7	; 7
     d12:	86 b1       	in	r24, 0x06	; 6
     d14:	88 7f       	andi	r24, 0xF8	; 248
     d16:	86 60       	ori	r24, 0x06	; 6
     d18:	86 b9       	out	0x06, r24	; 6
     d1a:	37 9a       	sbi	0x06, 7	; 6
     d1c:	08 95       	ret

00000d1e <.L2>:
     d1e:	3e 9a       	sbi	0x07, 6	; 7
     d20:	3f 98       	cbi	0x07, 7	; 7
     d22:	86 b1       	in	r24, 0x06	; 6
     d24:	88 7f       	andi	r24, 0xF8	; 248
     d26:	86 60       	ori	r24, 0x06	; 6
     d28:	86 b9       	out	0x06, r24	; 6
     d2a:	37 9a       	sbi	0x06, 7	; 6
     d2c:	08 95       	ret

00000d2e <ADC_Enable>:
     d2e:	37 9a       	sbi	0x06, 7	; 6
     d30:	08 95       	ret

00000d32 <ADC_Disable>:
     d32:	37 98       	cbi	0x06, 7	; 6
     d34:	08 95       	ret

00000d36 <ADC_Adjust>:
     d36:	81 30       	cpi	r24, 0x01	; 1
     d38:	10 f4       	brcc	.+4      	; 0xd3e <.L9>
     d3a:	3d 98       	cbi	0x07, 5	; 7
     d3c:	08 95       	ret

00000d3e <.L9>:
     d3e:	09 f0       	breq	.+2      	; 0xd42 <.L11>
     d40:	08 95       	ret

00000d42 <.L11>:
     d42:	3d 9a       	sbi	0x07, 5	; 7
     d44:	08 95       	ret

00000d46 <ADC_Channel>:
     d46:	97 b1       	in	r25, 0x07	; 7
     d48:	90 7e       	andi	r25, 0xE0	; 224
     d4a:	89 2b       	or	r24, r25
     d4c:	87 b9       	out	0x07, r24	; 7
     d4e:	08 95       	ret

00000d50 <ADC_StartConversion>:
     d50:	81 11       	cpse	r24, r1
     d52:	01 c0       	rjmp	.+2      	; 0xd56 <.L13>
     d54:	36 9a       	sbi	0x06, 6	; 6

00000d56 <.L13>:
     d56:	08 95       	ret

00000d58 <ADC_Prescaler>:
     d58:	96 b1       	in	r25, 0x06	; 6
     d5a:	98 7f       	andi	r25, 0xF8	; 248
     d5c:	89 2b       	or	r24, r25
     d5e:	86 b9       	out	0x06, r24	; 6
     d60:	08 95       	ret

00000d62 <ADC_ReadResult>:
     d62:	36 9a       	sbi	0x06, 6	; 6

00000d64 <.L17>:
     d64:	34 9b       	sbis	0x06, 4	; 6
     d66:	fe cf       	rjmp	.-4      	; 0xd64 <.L17>
     d68:	34 9a       	sbi	0x06, 4	; 6
     d6a:	84 b1       	in	r24, 0x04	; 4
     d6c:	25 b1       	in	r18, 0x05	; 5
     d6e:	92 2f       	mov	r25, r18
     d70:	08 95       	ret

00000d72 <DIO_set_pin_direction>:
     d72:	84 30       	cpi	r24, 0x04	; 4
     d74:	20 f4       	brcc	.+8      	; 0xd7e <.L1>
     d76:	68 30       	cpi	r22, 0x08	; 8
     d78:	10 f4       	brcc	.+4      	; 0xd7e <.L1>
     d7a:	42 30       	cpi	r20, 0x02	; 2
     d7c:	08 f0       	brcs	.+2      	; 0xd80 <.L11>

00000d7e <.L1>:
     d7e:	08 95       	ret

00000d80 <.L11>:
     d80:	21 e0       	ldi	r18, 0x01	; 1
     d82:	01 c0       	rjmp	.+2      	; 0xd86 <.L2^B1>

00000d84 <.L1^B1>:
     d84:	22 0f       	add	r18, r18

00000d86 <.L2^B1>:
     d86:	6a 95       	dec	r22
     d88:	ea f7       	brpl	.-6      	; 0xd84 <.L1^B1>
     d8a:	41 30       	cpi	r20, 0x01	; 1
     d8c:	79 f0       	breq	.+30     	; 0xdac <.L12>
     d8e:	20 95       	com	r18
     d90:	82 30       	cpi	r24, 0x02	; 2
     d92:	b1 f0       	breq	.+44     	; 0xdc0 <.L7>
     d94:	83 30       	cpi	r24, 0x03	; 3
     d96:	31 f0       	breq	.+12     	; 0xda4 <.L8>
     d98:	81 30       	cpi	r24, 0x01	; 1
     d9a:	b1 f0       	breq	.+44     	; 0xdc8 <.L9>
     d9c:	8a b3       	in	r24, 0x1a	; 26
     d9e:	82 23       	and	r24, r18
     da0:	8a bb       	out	0x1a, r24	; 26
     da2:	08 95       	ret

00000da4 <.L8>:
     da4:	81 b3       	in	r24, 0x11	; 17
     da6:	82 23       	and	r24, r18
     da8:	81 bb       	out	0x11, r24	; 17
     daa:	08 95       	ret

00000dac <.L12>:
     dac:	82 30       	cpi	r24, 0x02	; 2
     dae:	c1 f0       	breq	.+48     	; 0xde0 <.L4>
     db0:	83 30       	cpi	r24, 0x03	; 3
     db2:	91 f0       	breq	.+36     	; 0xdd8 <.L5>
     db4:	81 30       	cpi	r24, 0x01	; 1
     db6:	61 f0       	breq	.+24     	; 0xdd0 <.L6>
     db8:	8a b3       	in	r24, 0x1a	; 26
     dba:	82 2b       	or	r24, r18
     dbc:	8a bb       	out	0x1a, r24	; 26
     dbe:	08 95       	ret

00000dc0 <.L7>:
     dc0:	84 b3       	in	r24, 0x14	; 20
     dc2:	82 23       	and	r24, r18
     dc4:	84 bb       	out	0x14, r24	; 20
     dc6:	08 95       	ret

00000dc8 <.L9>:
     dc8:	87 b3       	in	r24, 0x17	; 23
     dca:	82 23       	and	r24, r18
     dcc:	87 bb       	out	0x17, r24	; 23
     dce:	08 95       	ret

00000dd0 <.L6>:
     dd0:	87 b3       	in	r24, 0x17	; 23
     dd2:	82 2b       	or	r24, r18
     dd4:	87 bb       	out	0x17, r24	; 23
     dd6:	08 95       	ret

00000dd8 <.L5>:
     dd8:	81 b3       	in	r24, 0x11	; 17
     dda:	82 2b       	or	r24, r18
     ddc:	81 bb       	out	0x11, r24	; 17
     dde:	08 95       	ret

00000de0 <.L4>:
     de0:	84 b3       	in	r24, 0x14	; 20
     de2:	82 2b       	or	r24, r18
     de4:	84 bb       	out	0x14, r24	; 20
     de6:	08 95       	ret

00000de8 <DIO_set_pin_value>:
     de8:	84 30       	cpi	r24, 0x04	; 4
     dea:	20 f4       	brcc	.+8      	; 0xdf4 <.L13>
     dec:	68 30       	cpi	r22, 0x08	; 8
     dee:	10 f4       	brcc	.+4      	; 0xdf4 <.L13>
     df0:	42 30       	cpi	r20, 0x02	; 2
     df2:	08 f0       	brcs	.+2      	; 0xdf6 <.L22>

00000df4 <.L13>:
     df4:	08 95       	ret

00000df6 <.L22>:
     df6:	21 e0       	ldi	r18, 0x01	; 1
     df8:	01 c0       	rjmp	.+2      	; 0xdfc <.L2^B2>

00000dfa <.L1^B2>:
     dfa:	22 0f       	add	r18, r18

00000dfc <.L2^B2>:
     dfc:	6a 95       	dec	r22
     dfe:	ea f7       	brpl	.-6      	; 0xdfa <.L1^B2>
     e00:	41 30       	cpi	r20, 0x01	; 1
     e02:	79 f0       	breq	.+30     	; 0xe22 <.L23>
     e04:	20 95       	com	r18
     e06:	82 30       	cpi	r24, 0x02	; 2
     e08:	b1 f0       	breq	.+44     	; 0xe36 <.L19>
     e0a:	83 30       	cpi	r24, 0x03	; 3
     e0c:	31 f0       	breq	.+12     	; 0xe1a <.L20>
     e0e:	81 30       	cpi	r24, 0x01	; 1
     e10:	b1 f0       	breq	.+44     	; 0xe3e <.L21>
     e12:	8b b3       	in	r24, 0x1b	; 27
     e14:	82 23       	and	r24, r18
     e16:	8b bb       	out	0x1b, r24	; 27
     e18:	08 95       	ret

00000e1a <.L20>:
     e1a:	82 b3       	in	r24, 0x12	; 18
     e1c:	82 23       	and	r24, r18
     e1e:	82 bb       	out	0x12, r24	; 18
     e20:	08 95       	ret

00000e22 <.L23>:
     e22:	82 30       	cpi	r24, 0x02	; 2
     e24:	c1 f0       	breq	.+48     	; 0xe56 <.L16>
     e26:	83 30       	cpi	r24, 0x03	; 3
     e28:	91 f0       	breq	.+36     	; 0xe4e <.L17>
     e2a:	81 30       	cpi	r24, 0x01	; 1
     e2c:	61 f0       	breq	.+24     	; 0xe46 <.L18>
     e2e:	8b b3       	in	r24, 0x1b	; 27
     e30:	82 2b       	or	r24, r18
     e32:	8b bb       	out	0x1b, r24	; 27
     e34:	08 95       	ret

00000e36 <.L19>:
     e36:	85 b3       	in	r24, 0x15	; 21
     e38:	82 23       	and	r24, r18
     e3a:	85 bb       	out	0x15, r24	; 21
     e3c:	08 95       	ret

00000e3e <.L21>:
     e3e:	88 b3       	in	r24, 0x18	; 24
     e40:	82 23       	and	r24, r18
     e42:	88 bb       	out	0x18, r24	; 24
     e44:	08 95       	ret

00000e46 <.L18>:
     e46:	88 b3       	in	r24, 0x18	; 24
     e48:	82 2b       	or	r24, r18
     e4a:	88 bb       	out	0x18, r24	; 24
     e4c:	08 95       	ret

00000e4e <.L17>:
     e4e:	82 b3       	in	r24, 0x12	; 18
     e50:	82 2b       	or	r24, r18
     e52:	82 bb       	out	0x12, r24	; 18
     e54:	08 95       	ret

00000e56 <.L16>:
     e56:	85 b3       	in	r24, 0x15	; 21
     e58:	82 2b       	or	r24, r18
     e5a:	85 bb       	out	0x15, r24	; 21
     e5c:	08 95       	ret

00000e5e <DIO_get_pin_value>:
     e5e:	84 30       	cpi	r24, 0x04	; 4
     e60:	88 f4       	brcc	.+34     	; 0xe84 <.L30>
     e62:	68 30       	cpi	r22, 0x08	; 8
     e64:	78 f4       	brcc	.+30     	; 0xe84 <.L30>
     e66:	82 30       	cpi	r24, 0x02	; 2
     e68:	09 f1       	breq	.+66     	; 0xeac <.L26>
     e6a:	83 30       	cpi	r24, 0x03	; 3
     e6c:	b1 f0       	breq	.+44     	; 0xe9a <.L27>
     e6e:	81 30       	cpi	r24, 0x01	; 1
     e70:	59 f0       	breq	.+22     	; 0xe88 <.L28>
     e72:	89 b3       	in	r24, 0x19	; 25
     e74:	90 e0       	ldi	r25, 0x00	; 0
     e76:	02 c0       	rjmp	.+4      	; 0xe7c <.L2^B3>

00000e78 <.L1^B3>:
     e78:	95 95       	asr	r25
     e7a:	87 95       	ror	r24

00000e7c <.L2^B3>:
     e7c:	6a 95       	dec	r22
     e7e:	e2 f7       	brpl	.-8      	; 0xe78 <.L1^B3>
     e80:	81 70       	andi	r24, 0x01	; 1
     e82:	08 95       	ret

00000e84 <.L30>:
     e84:	80 e0       	ldi	r24, 0x00	; 0
     e86:	08 95       	ret

00000e88 <.L28>:
     e88:	86 b3       	in	r24, 0x16	; 22
     e8a:	90 e0       	ldi	r25, 0x00	; 0
     e8c:	02 c0       	rjmp	.+4      	; 0xe92 <.L2^B4>

00000e8e <.L1^B4>:
     e8e:	95 95       	asr	r25
     e90:	87 95       	ror	r24

00000e92 <.L2^B4>:
     e92:	6a 95       	dec	r22
     e94:	e2 f7       	brpl	.-8      	; 0xe8e <.L1^B4>
     e96:	81 70       	andi	r24, 0x01	; 1
     e98:	08 95       	ret

00000e9a <.L27>:
     e9a:	80 b3       	in	r24, 0x10	; 16
     e9c:	90 e0       	ldi	r25, 0x00	; 0
     e9e:	02 c0       	rjmp	.+4      	; 0xea4 <.L2^B5>

00000ea0 <.L1^B5>:
     ea0:	95 95       	asr	r25
     ea2:	87 95       	ror	r24

00000ea4 <.L2^B5>:
     ea4:	6a 95       	dec	r22
     ea6:	e2 f7       	brpl	.-8      	; 0xea0 <.L1^B5>
     ea8:	81 70       	andi	r24, 0x01	; 1
     eaa:	08 95       	ret

00000eac <.L26>:
     eac:	83 b3       	in	r24, 0x13	; 19
     eae:	90 e0       	ldi	r25, 0x00	; 0
     eb0:	02 c0       	rjmp	.+4      	; 0xeb6 <.L2^B6>

00000eb2 <.L1^B6>:
     eb2:	95 95       	asr	r25
     eb4:	87 95       	ror	r24

00000eb6 <.L2^B6>:
     eb6:	6a 95       	dec	r22
     eb8:	e2 f7       	brpl	.-8      	; 0xeb2 <.L1^B6>
     eba:	81 70       	andi	r24, 0x01	; 1
     ebc:	08 95       	ret

00000ebe <DIO_set_group_direction>:
     ebe:	84 30       	cpi	r24, 0x04	; 4
     ec0:	48 f4       	brcc	.+18     	; 0xed4 <.L31>
     ec2:	82 30       	cpi	r24, 0x02	; 2
     ec4:	51 f0       	breq	.+20     	; 0xeda <.L33>
     ec6:	83 30       	cpi	r24, 0x03	; 3
     ec8:	21 f0       	breq	.+8      	; 0xed2 <.L34>
     eca:	81 30       	cpi	r24, 0x01	; 1
     ecc:	21 f0       	breq	.+8      	; 0xed6 <.L35>
     ece:	6a bb       	out	0x1a, r22	; 26
     ed0:	08 95       	ret

00000ed2 <.L34>:
     ed2:	61 bb       	out	0x11, r22	; 17

00000ed4 <.L31>:
     ed4:	08 95       	ret

00000ed6 <.L35>:
     ed6:	67 bb       	out	0x17, r22	; 23
     ed8:	08 95       	ret

00000eda <.L33>:
     eda:	64 bb       	out	0x14, r22	; 20
     edc:	08 95       	ret

00000ede <DIO_set_group_value>:
     ede:	84 30       	cpi	r24, 0x04	; 4
     ee0:	48 f4       	brcc	.+18     	; 0xef4 <.L36>
     ee2:	82 30       	cpi	r24, 0x02	; 2
     ee4:	51 f0       	breq	.+20     	; 0xefa <.L38>
     ee6:	83 30       	cpi	r24, 0x03	; 3
     ee8:	21 f0       	breq	.+8      	; 0xef2 <.L39>
     eea:	81 30       	cpi	r24, 0x01	; 1
     eec:	21 f0       	breq	.+8      	; 0xef6 <.L40>
     eee:	6b bb       	out	0x1b, r22	; 27
     ef0:	08 95       	ret

00000ef2 <.L39>:
     ef2:	62 bb       	out	0x12, r22	; 18

00000ef4 <.L36>:
     ef4:	08 95       	ret

00000ef6 <.L40>:
     ef6:	68 bb       	out	0x18, r22	; 24
     ef8:	08 95       	ret

00000efa <.L38>:
     efa:	65 bb       	out	0x15, r22	; 21
     efc:	08 95       	ret

00000efe <DIO_get_group_value>:
     efe:	84 30       	cpi	r24, 0x04	; 4
     f00:	40 f4       	brcc	.+16     	; 0xf12 <.L46>
     f02:	82 30       	cpi	r24, 0x02	; 2
     f04:	51 f0       	breq	.+20     	; 0xf1a <.L43>
     f06:	83 30       	cpi	r24, 0x03	; 3
     f08:	51 f0       	breq	.+20     	; 0xf1e <.L44>
     f0a:	81 30       	cpi	r24, 0x01	; 1
     f0c:	21 f0       	breq	.+8      	; 0xf16 <.L45>
     f0e:	89 b3       	in	r24, 0x19	; 25
     f10:	08 95       	ret

00000f12 <.L46>:
     f12:	80 e0       	ldi	r24, 0x00	; 0
     f14:	08 95       	ret

00000f16 <.L45>:
     f16:	86 b3       	in	r24, 0x16	; 22
     f18:	08 95       	ret

00000f1a <.L43>:
     f1a:	83 b3       	in	r24, 0x13	; 19
     f1c:	08 95       	ret

00000f1e <.L44>:
     f1e:	80 b3       	in	r24, 0x10	; 16
     f20:	08 95       	ret

00000f22 <EXTI_Init>:
     f22:	83 30       	cpi	r24, 0x03	; 3
     f24:	b1 f0       	breq	.+44     	; 0xf52 <.L13>
     f26:	84 30       	cpi	r24, 0x04	; 4
     f28:	19 f0       	breq	.+6      	; 0xf30 <.L14>
     f2a:	85 30       	cpi	r24, 0x05	; 5
     f2c:	09 f1       	breq	.+66     	; 0xf70 <.L15>

00000f2e <.L1>:
     f2e:	08 95       	ret

00000f30 <.L14>:
     f30:	64 30       	cpi	r22, 0x04	; 4
     f32:	69 f1       	breq	.+90     	; 0xf8e <.L16>
     f34:	65 30       	cpi	r22, 0x05	; 5
     f36:	09 f4       	brne	.+2      	; 0xf3a <L0^A+0x2>

00000f38 <L0^A>:
     f38:	43 c0       	rjmp	.+134    	; 0xfc0 <.L17>
     f3a:	66 30       	cpi	r22, 0x06	; 6
     f3c:	09 f4       	brne	.+2      	; 0xf40 <L0^A+0x2>

00000f3e <L0^A>:
     f3e:	47 c0       	rjmp	.+142    	; 0xfce <.L18>
     f40:	67 30       	cpi	r22, 0x07	; 7
     f42:	a9 f7       	brne	.-22     	; 0xf2e <.L1>
     f44:	85 b7       	in	r24, 0x35	; 53
     f46:	84 60       	ori	r24, 0x04	; 4
     f48:	85 bf       	out	0x35, r24	; 53
     f4a:	85 b7       	in	r24, 0x35	; 53
     f4c:	88 60       	ori	r24, 0x08	; 8
     f4e:	85 bf       	out	0x35, r24	; 53
     f50:	08 95       	ret

00000f52 <.L13>:
     f52:	64 30       	cpi	r22, 0x04	; 4
     f54:	19 f1       	breq	.+70     	; 0xf9c <.L19>
     f56:	65 30       	cpi	r22, 0x05	; 5
     f58:	99 f0       	breq	.+38     	; 0xf80 <.L20>
     f5a:	66 30       	cpi	r22, 0x06	; 6
     f5c:	31 f1       	breq	.+76     	; 0xfaa <.L21>
     f5e:	67 30       	cpi	r22, 0x07	; 7
     f60:	31 f7       	brne	.-52     	; 0xf2e <.L1>
     f62:	85 b7       	in	r24, 0x35	; 53
     f64:	81 60       	ori	r24, 0x01	; 1
     f66:	85 bf       	out	0x35, r24	; 53
     f68:	85 b7       	in	r24, 0x35	; 53
     f6a:	82 60       	ori	r24, 0x02	; 2
     f6c:	85 bf       	out	0x35, r24	; 53
     f6e:	08 95       	ret

00000f70 <.L15>:
     f70:	66 30       	cpi	r22, 0x06	; 6
     f72:	11 f1       	breq	.+68     	; 0xfb8 <.L22>
     f74:	67 30       	cpi	r22, 0x07	; 7
     f76:	d9 f6       	brne	.-74     	; 0xf2e <.L1>
     f78:	84 b7       	in	r24, 0x34	; 52
     f7a:	80 64       	ori	r24, 0x40	; 64
     f7c:	84 bf       	out	0x34, r24	; 52
     f7e:	08 95       	ret

00000f80 <.L20>:
     f80:	85 b7       	in	r24, 0x35	; 53
     f82:	81 60       	ori	r24, 0x01	; 1
     f84:	85 bf       	out	0x35, r24	; 53
     f86:	85 b7       	in	r24, 0x35	; 53
     f88:	8d 7f       	andi	r24, 0xFD	; 253
     f8a:	85 bf       	out	0x35, r24	; 53
     f8c:	08 95       	ret

00000f8e <.L16>:
     f8e:	85 b7       	in	r24, 0x35	; 53
     f90:	8b 7f       	andi	r24, 0xFB	; 251
     f92:	85 bf       	out	0x35, r24	; 53
     f94:	85 b7       	in	r24, 0x35	; 53
     f96:	87 7f       	andi	r24, 0xF7	; 247
     f98:	85 bf       	out	0x35, r24	; 53
     f9a:	08 95       	ret

00000f9c <.L19>:
     f9c:	85 b7       	in	r24, 0x35	; 53
     f9e:	8e 7f       	andi	r24, 0xFE	; 254
     fa0:	85 bf       	out	0x35, r24	; 53
     fa2:	85 b7       	in	r24, 0x35	; 53
     fa4:	8d 7f       	andi	r24, 0xFD	; 253
     fa6:	85 bf       	out	0x35, r24	; 53
     fa8:	08 95       	ret

00000faa <.L21>:
     faa:	85 b7       	in	r24, 0x35	; 53
     fac:	8e 7f       	andi	r24, 0xFE	; 254
     fae:	85 bf       	out	0x35, r24	; 53
     fb0:	85 b7       	in	r24, 0x35	; 53
     fb2:	82 60       	ori	r24, 0x02	; 2
     fb4:	85 bf       	out	0x35, r24	; 53
     fb6:	08 95       	ret

00000fb8 <.L22>:
     fb8:	84 b7       	in	r24, 0x34	; 52
     fba:	8f 7b       	andi	r24, 0xBF	; 191
     fbc:	84 bf       	out	0x34, r24	; 52
     fbe:	08 95       	ret

00000fc0 <.L17>:
     fc0:	85 b7       	in	r24, 0x35	; 53
     fc2:	84 60       	ori	r24, 0x04	; 4
     fc4:	85 bf       	out	0x35, r24	; 53
     fc6:	85 b7       	in	r24, 0x35	; 53
     fc8:	87 7f       	andi	r24, 0xF7	; 247
     fca:	85 bf       	out	0x35, r24	; 53
     fcc:	08 95       	ret

00000fce <.L18>:
     fce:	85 b7       	in	r24, 0x35	; 53
     fd0:	8b 7f       	andi	r24, 0xFB	; 251
     fd2:	85 bf       	out	0x35, r24	; 53
     fd4:	85 b7       	in	r24, 0x35	; 53
     fd6:	88 60       	ori	r24, 0x08	; 8
     fd8:	85 bf       	out	0x35, r24	; 53
     fda:	08 95       	ret

00000fdc <EXTI_Enable>:
     fdc:	83 30       	cpi	r24, 0x03	; 3
     fde:	49 f0       	breq	.+18     	; 0xff2 <.L27>
     fe0:	84 30       	cpi	r24, 0x04	; 4
     fe2:	19 f0       	breq	.+6      	; 0xfea <.L28>
     fe4:	85 30       	cpi	r24, 0x05	; 5
     fe6:	49 f0       	breq	.+18     	; 0xffa <.L29>
     fe8:	08 95       	ret

00000fea <.L28>:
     fea:	8b b7       	in	r24, 0x3b	; 59
     fec:	80 68       	ori	r24, 0x80	; 128
     fee:	8b bf       	out	0x3b, r24	; 59
     ff0:	08 95       	ret

00000ff2 <.L27>:
     ff2:	8b b7       	in	r24, 0x3b	; 59
     ff4:	80 64       	ori	r24, 0x40	; 64
     ff6:	8b bf       	out	0x3b, r24	; 59
     ff8:	08 95       	ret

00000ffa <.L29>:
     ffa:	8b b7       	in	r24, 0x3b	; 59
     ffc:	80 62       	ori	r24, 0x20	; 32
     ffe:	8b bf       	out	0x3b, r24	; 59
    1000:	08 95       	ret

00001002 <EXTI_Disable>:
    1002:	83 30       	cpi	r24, 0x03	; 3
    1004:	49 f0       	breq	.+18     	; 0x1018 <.L34>
    1006:	84 30       	cpi	r24, 0x04	; 4
    1008:	19 f0       	breq	.+6      	; 0x1010 <.L35>
    100a:	85 30       	cpi	r24, 0x05	; 5
    100c:	49 f0       	breq	.+18     	; 0x1020 <.L36>
    100e:	08 95       	ret

00001010 <.L35>:
    1010:	8b b7       	in	r24, 0x3b	; 59
    1012:	8f 77       	andi	r24, 0x7F	; 127
    1014:	8b bf       	out	0x3b, r24	; 59
    1016:	08 95       	ret

00001018 <.L34>:
    1018:	8b b7       	in	r24, 0x3b	; 59
    101a:	8f 7b       	andi	r24, 0xBF	; 191
    101c:	8b bf       	out	0x3b, r24	; 59
    101e:	08 95       	ret

00001020 <.L36>:
    1020:	8b b7       	in	r24, 0x3b	; 59
    1022:	8f 7d       	andi	r24, 0xDF	; 223
    1024:	8b bf       	out	0x3b, r24	; 59
    1026:	08 95       	ret

00001028 <EXTI_set_call_back>:
    1028:	00 97       	sbiw	r24, 0x00	; 0
    102a:	21 f0       	breq	.+8      	; 0x1034 <.L37>
    102c:	80 93 98 01 	sts	0x0198, r24	; 0x800198 <INT0_call_back>
    1030:	90 93 99 01 	sts	0x0199, r25	; 0x800199 <INT0_call_back+0x1>

00001034 <.L37>:
    1034:	08 95       	ret

00001036 <__vector_1>:
    1036:	1f 92       	push	r1
    1038:	0f 92       	push	r0
    103a:	0f b6       	in	r0, 0x3f	; 63
    103c:	0f 92       	push	r0
    103e:	11 24       	eor	r1, r1
    1040:	2f 93       	push	r18
    1042:	3f 93       	push	r19
    1044:	4f 93       	push	r20
    1046:	5f 93       	push	r21
    1048:	6f 93       	push	r22
    104a:	7f 93       	push	r23
    104c:	8f 93       	push	r24
    104e:	9f 93       	push	r25
    1050:	af 93       	push	r26
    1052:	bf 93       	push	r27
    1054:	ef 93       	push	r30
    1056:	ff 93       	push	r31
    1058:	e0 91 98 01 	lds	r30, 0x0198	; 0x800198 <INT0_call_back>
    105c:	f0 91 99 01 	lds	r31, 0x0199	; 0x800199 <INT0_call_back+0x1>
    1060:	30 97       	sbiw	r30, 0x00	; 0
    1062:	09 f0       	breq	.+2      	; 0x1066 <.L42>
    1064:	09 95       	icall

00001066 <.L42>:
    1066:	ff 91       	pop	r31
    1068:	ef 91       	pop	r30
    106a:	bf 91       	pop	r27
    106c:	af 91       	pop	r26
    106e:	9f 91       	pop	r25
    1070:	8f 91       	pop	r24
    1072:	7f 91       	pop	r23
    1074:	6f 91       	pop	r22
    1076:	5f 91       	pop	r21
    1078:	4f 91       	pop	r20
    107a:	3f 91       	pop	r19
    107c:	2f 91       	pop	r18
    107e:	0f 90       	pop	r0
    1080:	0f be       	out	0x3f, r0	; 63
    1082:	0f 90       	pop	r0
    1084:	1f 90       	pop	r1
    1086:	18 95       	reti

00001088 <GIE_Enable>:
    1088:	8f b7       	in	r24, 0x3f	; 63
    108a:	80 68       	ori	r24, 0x80	; 128
    108c:	8f bf       	out	0x3f, r24	; 63
    108e:	08 95       	ret

00001090 <GIE_Disable>:
    1090:	8f b7       	in	r24, 0x3f	; 63
    1092:	8f 77       	andi	r24, 0x7F	; 127
    1094:	8f bf       	out	0x3f, r24	; 63
    1096:	08 95       	ret

00001098 <TIMER0_init>:
    1098:	61 30       	cpi	r22, 0x01	; 1
    109a:	58 f4       	brcc	.+22     	; 0x10b2 <.L2>
    109c:	83 b7       	in	r24, 0x33	; 51
    109e:	8f 7b       	andi	r24, 0xBF	; 191
    10a0:	83 bf       	out	0x33, r24	; 51
    10a2:	83 b7       	in	r24, 0x33	; 51
    10a4:	87 7f       	andi	r24, 0xF7	; 247
    10a6:	83 bf       	out	0x33, r24	; 51
    10a8:	72 bf       	out	0x32, r23	; 50
    10aa:	89 b7       	in	r24, 0x39	; 57
    10ac:	81 60       	ori	r24, 0x01	; 1
    10ae:	89 bf       	out	0x39, r24	; 57
    10b0:	08 95       	ret

000010b2 <.L2>:
    10b2:	09 f0       	breq	.+2      	; 0x10b6 <.L5>
    10b4:	08 95       	ret

000010b6 <.L5>:
    10b6:	93 b7       	in	r25, 0x33	; 51
    10b8:	9f 7b       	andi	r25, 0xBF	; 191
    10ba:	93 bf       	out	0x33, r25	; 51
    10bc:	93 b7       	in	r25, 0x33	; 51
    10be:	98 60       	ori	r25, 0x08	; 8
    10c0:	93 bf       	out	0x33, r25	; 51
    10c2:	8c bf       	out	0x3c, r24	; 60
    10c4:	89 b7       	in	r24, 0x39	; 57
    10c6:	82 60       	ori	r24, 0x02	; 2
    10c8:	89 bf       	out	0x39, r24	; 57
    10ca:	08 95       	ret

000010cc <TIMER0_start>:
    10cc:	81 15       	cp	r24, r1
    10ce:	21 f0       	breq	.+8      	; 0x10d8 <.L6>
    10d0:	93 b7       	in	r25, 0x33	; 51
    10d2:	98 7f       	andi	r25, 0xF8	; 248
    10d4:	89 2b       	or	r24, r25
    10d6:	83 bf       	out	0x33, r24	; 51

000010d8 <.L6>:
    10d8:	08 95       	ret

000010da <TIMER0_stop>:
    10da:	83 b7       	in	r24, 0x33	; 51
    10dc:	88 7f       	andi	r24, 0xF8	; 248
    10de:	83 bf       	out	0x33, r24	; 51
    10e0:	08 95       	ret

000010e2 <TIMER0_set_preload>:
    10e2:	82 bf       	out	0x32, r24	; 50
    10e4:	08 95       	ret

000010e6 <TIMER0_set_compare_match>:
    10e6:	8c bf       	out	0x3c, r24	; 60
    10e8:	08 95       	ret

000010ea <TIMER0_set_call_back_fucntion>:
    10ea:	81 30       	cpi	r24, 0x01	; 1
    10ec:	40 f4       	brcc	.+16     	; 0x10fe <.L15>
    10ee:	61 15       	cp	r22, r1
    10f0:	71 05       	cpc	r23, r1
    10f2:	31 f0       	breq	.+12     	; 0x1100 <.L14>
    10f4:	60 93 9c 01 	sts	0x019C, r22	; 0x80019c <timer0_OVFcallback>
    10f8:	70 93 9d 01 	sts	0x019D, r23	; 0x80019d <timer0_OVFcallback+0x1>
    10fc:	08 95       	ret

000010fe <.L15>:
    10fe:	09 f0       	breq	.+2      	; 0x1102 <.L23>

00001100 <.L14>:
    1100:	08 95       	ret

00001102 <.L23>:
    1102:	61 15       	cp	r22, r1
    1104:	71 05       	cpc	r23, r1
    1106:	e1 f3       	breq	.-8      	; 0x1100 <.L14>
    1108:	60 93 9a 01 	sts	0x019A, r22	; 0x80019a <timer0_CTCcallback>
    110c:	70 93 9b 01 	sts	0x019B, r23	; 0x80019b <timer0_CTCcallback+0x1>
    1110:	08 95       	ret

00001112 <__vector_10>:
    1112:	1f 92       	push	r1
    1114:	0f 92       	push	r0
    1116:	0f b6       	in	r0, 0x3f	; 63
    1118:	0f 92       	push	r0
    111a:	11 24       	eor	r1, r1
    111c:	2f 93       	push	r18
    111e:	3f 93       	push	r19
    1120:	4f 93       	push	r20
    1122:	5f 93       	push	r21
    1124:	6f 93       	push	r22
    1126:	7f 93       	push	r23
    1128:	8f 93       	push	r24
    112a:	9f 93       	push	r25
    112c:	af 93       	push	r26
    112e:	bf 93       	push	r27
    1130:	ef 93       	push	r30
    1132:	ff 93       	push	r31
    1134:	e0 91 9a 01 	lds	r30, 0x019A	; 0x80019a <timer0_CTCcallback>
    1138:	f0 91 9b 01 	lds	r31, 0x019B	; 0x80019b <timer0_CTCcallback+0x1>
    113c:	30 97       	sbiw	r30, 0x00	; 0
    113e:	09 f0       	breq	.+2      	; 0x1142 <.L24>
    1140:	09 95       	icall

00001142 <.L24>:
    1142:	ff 91       	pop	r31
    1144:	ef 91       	pop	r30
    1146:	bf 91       	pop	r27
    1148:	af 91       	pop	r26
    114a:	9f 91       	pop	r25
    114c:	8f 91       	pop	r24
    114e:	7f 91       	pop	r23
    1150:	6f 91       	pop	r22
    1152:	5f 91       	pop	r21
    1154:	4f 91       	pop	r20
    1156:	3f 91       	pop	r19
    1158:	2f 91       	pop	r18
    115a:	0f 90       	pop	r0
    115c:	0f be       	out	0x3f, r0	; 63
    115e:	0f 90       	pop	r0
    1160:	1f 90       	pop	r1
    1162:	18 95       	reti

00001164 <__vector_11>:
    1164:	1f 92       	push	r1
    1166:	0f 92       	push	r0
    1168:	0f b6       	in	r0, 0x3f	; 63
    116a:	0f 92       	push	r0
    116c:	11 24       	eor	r1, r1
    116e:	2f 93       	push	r18
    1170:	3f 93       	push	r19
    1172:	4f 93       	push	r20
    1174:	5f 93       	push	r21
    1176:	6f 93       	push	r22
    1178:	7f 93       	push	r23
    117a:	8f 93       	push	r24
    117c:	9f 93       	push	r25
    117e:	af 93       	push	r26
    1180:	bf 93       	push	r27
    1182:	ef 93       	push	r30
    1184:	ff 93       	push	r31
    1186:	e0 91 9c 01 	lds	r30, 0x019C	; 0x80019c <timer0_OVFcallback>
    118a:	f0 91 9d 01 	lds	r31, 0x019D	; 0x80019d <timer0_OVFcallback+0x1>
    118e:	30 97       	sbiw	r30, 0x00	; 0
    1190:	09 f0       	breq	.+2      	; 0x1194 <.L29>
    1192:	09 95       	icall

00001194 <.L29>:
    1194:	ff 91       	pop	r31
    1196:	ef 91       	pop	r30
    1198:	bf 91       	pop	r27
    119a:	af 91       	pop	r26
    119c:	9f 91       	pop	r25
    119e:	8f 91       	pop	r24
    11a0:	7f 91       	pop	r23
    11a2:	6f 91       	pop	r22
    11a4:	5f 91       	pop	r21
    11a6:	4f 91       	pop	r20
    11a8:	3f 91       	pop	r19
    11aa:	2f 91       	pop	r18
    11ac:	0f 90       	pop	r0
    11ae:	0f be       	out	0x3f, r0	; 63
    11b0:	0f 90       	pop	r0
    11b2:	1f 90       	pop	r1
    11b4:	18 95       	reti

000011b6 <UART_Init>:
    11b6:	0f 93       	push	r16
    11b8:	1f 93       	push	r17
    11ba:	cf 93       	push	r28
    11bc:	df 93       	push	r29
    11be:	cd b7       	in	r28, 0x3d	; 61
    11c0:	de b7       	in	r29, 0x3e	; 62
    11c2:	2b 97       	sbiw	r28, 0x0b	; 11
    11c4:	0f b6       	in	r0, 0x3f	; 63
    11c6:	f8 94       	cli
    11c8:	de bf       	out	0x3e, r29	; 62
    11ca:	0f be       	out	0x3f, r0	; 63
    11cc:	cd bf       	out	0x3d, r28	; 61
    11ce:	0b 87       	std	Y+11, r16	; 0x0b
    11d0:	09 83       	std	Y+1, r16	; 0x01
    11d2:	b1 2f       	mov	r27, r17
    11d4:	1a 83       	std	Y+2, r17	; 0x02
    11d6:	f2 2f       	mov	r31, r18
    11d8:	2b 83       	std	Y+3, r18	; 0x03
    11da:	e3 2f       	mov	r30, r19
    11dc:	3c 83       	std	Y+4, r19	; 0x04
    11de:	a4 2f       	mov	r26, r20
    11e0:	4d 83       	std	Y+5, r20	; 0x05
    11e2:	5e 83       	std	Y+6, r21	; 0x06
    11e4:	6f 83       	std	Y+7, r22	; 0x07
    11e6:	78 87       	std	Y+8, r23	; 0x08
    11e8:	89 87       	std	Y+9, r24	; 0x09
    11ea:	19 2f       	mov	r17, r25
    11ec:	9a 87       	std	Y+10, r25	; 0x0a
    11ee:	4e 81       	ldd	r20, Y+6	; 0x06
    11f0:	5f 81       	ldd	r21, Y+7	; 0x07
    11f2:	68 85       	ldd	r22, Y+8	; 0x08
    11f4:	79 85       	ldd	r23, Y+9	; 0x09
    11f6:	00 93 9e 01 	sts	0x019E, r16	; 0x80019e <GlobaleUart_Config>
    11fa:	b0 93 9f 01 	sts	0x019F, r27	; 0x80019f <GlobaleUart_Config+0x1>
    11fe:	20 93 a0 01 	sts	0x01A0, r18	; 0x8001a0 <GlobaleUart_Config+0x2>
    1202:	30 93 a1 01 	sts	0x01A1, r19	; 0x8001a1 <GlobaleUart_Config+0x3>
    1206:	a0 93 a2 01 	sts	0x01A2, r26	; 0x8001a2 <GlobaleUart_Config+0x4>
    120a:	40 93 a3 01 	sts	0x01A3, r20	; 0x8001a3 <GlobaleUart_Config+0x5>
    120e:	50 93 a4 01 	sts	0x01A4, r21	; 0x8001a4 <GlobaleUart_Config+0x6>
    1212:	60 93 a5 01 	sts	0x01A5, r22	; 0x8001a5 <GlobaleUart_Config+0x7>
    1216:	70 93 a6 01 	sts	0x01A6, r23	; 0x8001a6 <GlobaleUart_Config+0x8>
    121a:	90 93 a7 01 	sts	0x01A7, r25	; 0x8001a7 <GlobaleUart_Config+0x9>
    121e:	80 ec       	ldi	r24, 0xC0	; 192
    1220:	01 30       	cpi	r16, 0x01	; 1
    1222:	09 f0       	breq	.+2      	; 0x1226 <.L2>
    1224:	80 e8       	ldi	r24, 0x80	; 128

00001226 <.L2>:
    1226:	f1 30       	cpi	r31, 0x01	; 1
    1228:	09 f4       	brne	.+2      	; 0x122c <L0^A+0x2>

0000122a <L0^A>:
    122a:	6a c0       	rjmp	.+212    	; 0x1300 <.L23>
    122c:	f2 30       	cpi	r31, 0x02	; 2
    122e:	09 f4       	brne	.+2      	; 0x1232 <.L4>

00001230 <L0^A>:
    1230:	51 c0       	rjmp	.+162    	; 0x12d4 <.L24>

00001232 <.L4>:
    1232:	b1 30       	cpi	r27, 0x01	; 1
    1234:	09 f4       	brne	.+2      	; 0x1238 <.L5>

00001236 <L0^A>:
    1236:	52 c0       	rjmp	.+164    	; 0x12dc <.L25>

00001238 <.L5>:
    1238:	e1 30       	cpi	r30, 0x01	; 1
    123a:	68 f0       	brcs	.+26     	; 0x1256 <.L20>
    123c:	59 f0       	breq	.+22     	; 0x1254 <.L26>
    123e:	e2 30       	cpi	r30, 0x02	; 2
    1240:	09 f4       	brne	.+2      	; 0x1244 <L0^A+0x2>

00001242 <L0^A>:
    1242:	66 c0       	rjmp	.+204    	; 0x1310 <.L27>
    1244:	e3 30       	cpi	r30, 0x03	; 3
    1246:	09 f4       	brne	.+2      	; 0x124a <L0^A+0x2>

00001248 <L0^A>:
    1248:	60 c0       	rjmp	.+192    	; 0x130a <.L28>
    124a:	e4 30       	cpi	r30, 0x04	; 4
    124c:	29 f4       	brne	.+10     	; 0x1258 <.L9>
    124e:	86 60       	ori	r24, 0x06	; 6
    1250:	52 9a       	sbi	0x0a, 2	; 10
    1252:	02 c0       	rjmp	.+4      	; 0x1258 <.L9>

00001254 <.L26>:
    1254:	82 60       	ori	r24, 0x02	; 2

00001256 <.L20>:
    1256:	52 98       	cbi	0x0a, 2	; 10

00001258 <.L9>:
    1258:	80 bd       	out	0x20, r24	; 32
    125a:	a1 30       	cpi	r26, 0x01	; 1
    125c:	70 f5       	brcc	.+92     	; 0x12ba <.L13>
    125e:	59 98       	cbi	0x0b, 1	; 11
    1260:	44 0f       	add	r20, r20
    1262:	55 1f       	adc	r21, r21
    1264:	66 1f       	adc	r22, r22
    1266:	77 1f       	adc	r23, r23
    1268:	44 0f       	add	r20, r20
    126a:	55 1f       	adc	r21, r21
    126c:	66 1f       	adc	r22, r22
    126e:	77 1f       	adc	r23, r23
    1270:	9a 01       	movw	r18, r20
    1272:	ab 01       	movw	r20, r22
    1274:	22 0f       	add	r18, r18
    1276:	33 1f       	adc	r19, r19
    1278:	44 1f       	adc	r20, r20
    127a:	55 1f       	adc	r21, r21
    127c:	22 0f       	add	r18, r18
    127e:	33 1f       	adc	r19, r19
    1280:	44 1f       	adc	r20, r20
    1282:	55 1f       	adc	r21, r21

00001284 <.L21>:
    1284:	60 e0       	ldi	r22, 0x00	; 0
    1286:	72 e1       	ldi	r23, 0x12	; 18
    1288:	8a e7       	ldi	r24, 0x7A	; 122
    128a:	90 e0       	ldi	r25, 0x00	; 0
    128c:	0e 94 71 0a 	call	0x14e2	; 0x14e2 <__udivmodsi4>
    1290:	21 50       	subi	r18, 0x01	; 1
    1292:	31 09       	sbc	r19, r1
    1294:	92 2f       	mov	r25, r18
    1296:	83 2f       	mov	r24, r19
    1298:	99 b9       	out	0x09, r25	; 9
    129a:	80 bd       	out	0x20, r24	; 32
    129c:	11 30       	cpi	r17, 0x01	; 1
    129e:	a0 f4       	brcc	.+40     	; 0x12c8 <.L15>

000012a0 <.L30>:
    12a0:	54 9a       	sbi	0x0a, 4	; 10
    12a2:	53 98       	cbi	0x0a, 3	; 10

000012a4 <.L1>:
    12a4:	2b 96       	adiw	r28, 0x0b	; 11
    12a6:	0f b6       	in	r0, 0x3f	; 63
    12a8:	f8 94       	cli
    12aa:	de bf       	out	0x3e, r29	; 62
    12ac:	0f be       	out	0x3f, r0	; 63
    12ae:	cd bf       	out	0x3d, r28	; 61
    12b0:	df 91       	pop	r29
    12b2:	cf 91       	pop	r28
    12b4:	1f 91       	pop	r17
    12b6:	0f 91       	pop	r16
    12b8:	08 95       	ret

000012ba <.L13>:
    12ba:	91 f0       	breq	.+36     	; 0x12e0 <.L29>
    12bc:	80 e0       	ldi	r24, 0x00	; 0
    12be:	90 e0       	ldi	r25, 0x00	; 0
    12c0:	99 b9       	out	0x09, r25	; 9
    12c2:	80 bd       	out	0x20, r24	; 32
    12c4:	11 30       	cpi	r17, 0x01	; 1
    12c6:	60 f3       	brcs	.-40     	; 0x12a0 <.L30>

000012c8 <.L15>:
    12c8:	e9 f0       	breq	.+58     	; 0x1304 <.L31>
    12ca:	12 30       	cpi	r17, 0x02	; 2
    12cc:	59 f7       	brne	.-42     	; 0x12a4 <.L1>
    12ce:	54 9a       	sbi	0x0a, 4	; 10
    12d0:	53 9a       	sbi	0x0a, 3	; 10
    12d2:	e8 cf       	rjmp	.-48     	; 0x12a4 <.L1>

000012d4 <.L24>:
    12d4:	80 63       	ori	r24, 0x30	; 48
    12d6:	b1 30       	cpi	r27, 0x01	; 1
    12d8:	09 f0       	breq	.+2      	; 0x12dc <.L25>

000012da <L0^A>:
    12da:	ae cf       	rjmp	.-164    	; 0x1238 <.L5>

000012dc <.L25>:
    12dc:	88 60       	ori	r24, 0x08	; 8
    12de:	ac cf       	rjmp	.-168    	; 0x1238 <.L5>

000012e0 <.L29>:
    12e0:	59 9a       	sbi	0x0b, 1	; 11
    12e2:	9a 01       	movw	r18, r20
    12e4:	ab 01       	movw	r20, r22
    12e6:	22 0f       	add	r18, r18
    12e8:	33 1f       	adc	r19, r19
    12ea:	44 1f       	adc	r20, r20
    12ec:	55 1f       	adc	r21, r21
    12ee:	22 0f       	add	r18, r18
    12f0:	33 1f       	adc	r19, r19
    12f2:	44 1f       	adc	r20, r20
    12f4:	55 1f       	adc	r21, r21
    12f6:	22 0f       	add	r18, r18
    12f8:	33 1f       	adc	r19, r19
    12fa:	44 1f       	adc	r20, r20
    12fc:	55 1f       	adc	r21, r21
    12fe:	c2 cf       	rjmp	.-124    	; 0x1284 <.L21>

00001300 <.L23>:
    1300:	80 62       	ori	r24, 0x20	; 32
    1302:	97 cf       	rjmp	.-210    	; 0x1232 <.L4>

00001304 <.L31>:
    1304:	53 9a       	sbi	0x0a, 3	; 10
    1306:	54 98       	cbi	0x0a, 4	; 10
    1308:	cd cf       	rjmp	.-102    	; 0x12a4 <.L1>

0000130a <.L28>:
    130a:	86 60       	ori	r24, 0x06	; 6
    130c:	52 98       	cbi	0x0a, 2	; 10
    130e:	a4 cf       	rjmp	.-184    	; 0x1258 <.L9>

00001310 <.L27>:
    1310:	84 60       	ori	r24, 0x04	; 4
    1312:	52 98       	cbi	0x0a, 2	; 10
    1314:	a1 cf       	rjmp	.-190    	; 0x1258 <.L9>

00001316 <UART_SendBytePolling>:
    1316:	9c 01       	movw	r18, r24

00001318 <.L33>:
    1318:	5d 9b       	sbis	0x0b, 5	; 11
    131a:	fe cf       	rjmp	.-4      	; 0x1318 <.L33>
    131c:	80 91 a1 01 	lds	r24, 0x01A1	; 0x8001a1 <GlobaleUart_Config+0x3>
    1320:	84 30       	cpi	r24, 0x04	; 4
    1322:	11 f0       	breq	.+4      	; 0x1328 <.L42>

00001324 <.L35>:
    1324:	2c b9       	out	0x0c, r18	; 12
    1326:	08 95       	ret

00001328 <.L42>:
    1328:	50 98       	cbi	0x0a, 0	; 10
    132a:	30 ff       	sbrs	r19, 0
    132c:	fb cf       	rjmp	.-10     	; 0x1324 <.L35>
    132e:	50 9a       	sbi	0x0a, 0	; 10
    1330:	2c b9       	out	0x0c, r18	; 12
    1332:	08 95       	ret

00001334 <UART_ReceiveBytePolling>:
    1334:	5f 9b       	sbis	0x0b, 7	; 11
    1336:	fe cf       	rjmp	.-4      	; 0x1334 <UART_ReceiveBytePolling>
    1338:	80 91 a1 01 	lds	r24, 0x01A1	; 0x8001a1 <GlobaleUart_Config+0x3>
    133c:	90 e0       	ldi	r25, 0x00	; 0
    133e:	84 30       	cpi	r24, 0x04	; 4
    1340:	21 f4       	brne	.+8      	; 0x134a <.L45>
    1342:	88 27       	eor	r24, r24
    1344:	51 99       	sbic	0x0a, 1	; 10
    1346:	83 95       	inc	r24
    1348:	98 2f       	mov	r25, r24

0000134a <.L45>:
    134a:	2c b1       	in	r18, 0x0c	; 12
    134c:	82 2f       	mov	r24, r18
    134e:	08 95       	ret

00001350 <UART_SendStringPolling>:
    1350:	dc 01       	movw	r26, r24
    1352:	9c 91       	ld	r25, X
    1354:	91 15       	cp	r25, r1
    1356:	81 f0       	breq	.+32     	; 0x1378 <.L49>
    1358:	20 e0       	ldi	r18, 0x00	; 0
    135a:	80 91 a1 01 	lds	r24, 0x01A1	; 0x8001a1 <GlobaleUart_Config+0x3>

0000135e <.L51>:
    135e:	5d 9b       	sbis	0x0b, 5	; 11
    1360:	fe cf       	rjmp	.-4      	; 0x135e <.L51>
    1362:	84 30       	cpi	r24, 0x04	; 4
    1364:	09 f4       	brne	.+2      	; 0x1368 <.L52>
    1366:	50 98       	cbi	0x0a, 0	; 10

00001368 <.L52>:
    1368:	9c b9       	out	0x0c, r25	; 12
    136a:	2f 5f       	subi	r18, 0xFF	; 255
    136c:	fd 01       	movw	r30, r26
    136e:	e2 0f       	add	r30, r18
    1370:	f1 1d       	adc	r31, r1
    1372:	90 81       	ld	r25, Z
    1374:	91 11       	cpse	r25, r1
    1376:	f3 cf       	rjmp	.-26     	; 0x135e <.L51>

00001378 <.L49>:
    1378:	08 95       	ret

0000137a <UART_ReceiveStringPolling>:
    137a:	dc 01       	movw	r26, r24
    137c:	89 2b       	or	r24, r25
    137e:	d9 f0       	breq	.+54     	; 0x13b6 <.L60>

00001380 <.L62>:
    1380:	5f 9b       	sbis	0x0b, 7	; 11
    1382:	fe cf       	rjmp	.-4      	; 0x1380 <.L62>
    1384:	80 91 a1 01 	lds	r24, 0x01A1	; 0x8001a1 <GlobaleUart_Config+0x3>
    1388:	84 30       	cpi	r24, 0x04	; 4
    138a:	b1 f0       	breq	.+44     	; 0x13b8 <.L79>
    138c:	4c b1       	in	r20, 0x0c	; 12
    138e:	4c 93       	st	X, r20
    1390:	64 17       	cp	r22, r20
    1392:	c9 f0       	breq	.+50     	; 0x13c6 <.L69>

00001394 <.L80>:
    1394:	90 e0       	ldi	r25, 0x00	; 0

00001396 <.L67>:
    1396:	9f 5f       	subi	r25, 0xFF	; 255

00001398 <.L65>:
    1398:	5f 9b       	sbis	0x0b, 7	; 11
    139a:	fe cf       	rjmp	.-4      	; 0x1398 <.L65>
    139c:	84 30       	cpi	r24, 0x04	; 4
    139e:	19 f4       	brne	.+6      	; 0x13a6 <.L66>
    13a0:	22 27       	eor	r18, r18
    13a2:	51 99       	sbic	0x0a, 1	; 10
    13a4:	23 95       	inc	r18

000013a6 <.L66>:
    13a6:	4c b1       	in	r20, 0x0c	; 12
    13a8:	fd 01       	movw	r30, r26
    13aa:	e9 0f       	add	r30, r25
    13ac:	f1 1d       	adc	r31, r1
    13ae:	40 83       	st	Z, r20
    13b0:	64 13       	cpse	r22, r20
    13b2:	f1 cf       	rjmp	.-30     	; 0x1396 <.L67>
    13b4:	10 82       	st	Z, r1

000013b6 <.L60>:
    13b6:	08 95       	ret

000013b8 <.L79>:
    13b8:	22 27       	eor	r18, r18
    13ba:	51 99       	sbic	0x0a, 1	; 10
    13bc:	23 95       	inc	r18
    13be:	4c b1       	in	r20, 0x0c	; 12
    13c0:	4c 93       	st	X, r20
    13c2:	64 13       	cpse	r22, r20
    13c4:	e7 cf       	rjmp	.-50     	; 0x1394 <.L80>

000013c6 <.L69>:
    13c6:	fd 01       	movw	r30, r26
    13c8:	10 82       	st	Z, r1
    13ca:	08 95       	ret

000013cc <UART_SendBufferPolling>:
    13cc:	61 15       	cp	r22, r1
    13ce:	71 05       	cpc	r23, r1
    13d0:	79 f0       	breq	.+30     	; 0x13f0 <.L81>
    13d2:	fc 01       	movw	r30, r24
    13d4:	68 0f       	add	r22, r24
    13d6:	79 1f       	adc	r23, r25
    13d8:	90 91 a1 01 	lds	r25, 0x01A1	; 0x8001a1 <GlobaleUart_Config+0x3>

000013dc <.L85>:
    13dc:	81 91       	ld	r24, Z+

000013de <.L83>:
    13de:	5d 9b       	sbis	0x0b, 5	; 11
    13e0:	fe cf       	rjmp	.-4      	; 0x13de <.L83>
    13e2:	94 30       	cpi	r25, 0x04	; 4
    13e4:	09 f4       	brne	.+2      	; 0x13e8 <.L84>
    13e6:	50 98       	cbi	0x0a, 0	; 10

000013e8 <.L84>:
    13e8:	8c b9       	out	0x0c, r24	; 12
    13ea:	e6 17       	cp	r30, r22
    13ec:	f7 07       	cpc	r31, r23
    13ee:	b1 f7       	brne	.-20     	; 0x13dc <.L85>

000013f0 <.L81>:
    13f0:	08 95       	ret

000013f2 <UART_EnableRX>:
    13f2:	54 9a       	sbi	0x0a, 4	; 10
    13f4:	08 95       	ret

000013f6 <UART_EnableTX>:
    13f6:	53 9a       	sbi	0x0a, 3	; 10
    13f8:	08 95       	ret

000013fa <UART_DisableRX>:
    13fa:	54 98       	cbi	0x0a, 4	; 10
    13fc:	08 95       	ret

000013fe <UART_DisableTX>:
    13fe:	53 98       	cbi	0x0a, 3	; 10
    1400:	08 95       	ret

00001402 <UART_SendNumberPolling>:
    1402:	cf 93       	push	r28
    1404:	df 93       	push	r29
    1406:	cd b7       	in	r28, 0x3d	; 61
    1408:	de b7       	in	r29, 0x3e	; 62
    140a:	2a 97       	sbiw	r28, 0x0a	; 10
    140c:	0f b6       	in	r0, 0x3f	; 63
    140e:	f8 94       	cli
    1410:	de bf       	out	0x3e, r29	; 62
    1412:	0f be       	out	0x3f, r0	; 63
    1414:	cd bf       	out	0x3d, r28	; 61
    1416:	30 e0       	ldi	r19, 0x00	; 0
    1418:	5d ec       	ldi	r21, 0xCD	; 205
    141a:	81 15       	cp	r24, r1
    141c:	09 f4       	brne	.+2      	; 0x1420 <.L97>

0000141e <L0^A>:
    141e:	42 c0       	rjmp	.+132    	; 0x14a4 <.L98>

00001420 <.L97>:
    1420:	fe 01       	movw	r30, r28
    1422:	31 96       	adiw	r30, 0x01	; 1
    1424:	e3 0f       	add	r30, r19
    1426:	f1 1d       	adc	r31, r1
    1428:	37 fd       	sbrc	r19, 7
    142a:	fa 95       	dec	r31
    142c:	85 9f       	mul	r24, r21
    142e:	91 2d       	mov	r25, r1
    1430:	11 24       	eor	r1, r1
    1432:	96 95       	lsr	r25
    1434:	96 95       	lsr	r25
    1436:	96 95       	lsr	r25
    1438:	29 2f       	mov	r18, r25
    143a:	22 0f       	add	r18, r18
    143c:	22 0f       	add	r18, r18
    143e:	29 0f       	add	r18, r25
    1440:	22 0f       	add	r18, r18
    1442:	48 2f       	mov	r20, r24
    1444:	42 1b       	sub	r20, r18
    1446:	24 2f       	mov	r18, r20
    1448:	20 5d       	subi	r18, 0xD0	; 208
    144a:	20 83       	st	Z, r18
    144c:	43 2f       	mov	r20, r19
    144e:	3f 5f       	subi	r19, 0xFF	; 255
    1450:	28 2f       	mov	r18, r24
    1452:	89 2f       	mov	r24, r25
    1454:	2a 30       	cpi	r18, 0x0A	; 10
    1456:	20 f7       	brcc	.-56     	; 0x1420 <.L97>
    1458:	47 fd       	sbrc	r20, 7
    145a:	1b c0       	rjmp	.+54     	; 0x1492 <.L96>
    145c:	84 2f       	mov	r24, r20
    145e:	94 2f       	mov	r25, r20
    1460:	99 0f       	add	r25, r25
    1462:	99 0b       	sbc	r25, r25
    1464:	fe 01       	movw	r30, r28
    1466:	32 96       	adiw	r30, 0x02	; 2
    1468:	e8 0f       	add	r30, r24
    146a:	f9 1f       	adc	r31, r25
    146c:	9e 01       	movw	r18, r28
    146e:	2f 5f       	subi	r18, 0xFF	; 255
    1470:	3f 4f       	sbci	r19, 0xFF	; 255
    1472:	82 0f       	add	r24, r18
    1474:	93 1f       	adc	r25, r19
    1476:	84 1b       	sub	r24, r20
    1478:	91 09       	sbc	r25, r1
    147a:	30 91 a1 01 	lds	r19, 0x01A1	; 0x8001a1 <GlobaleUart_Config+0x3>

0000147e <.L104>:
    147e:	22 91       	ld	r18, -Z

00001480 <.L102>:
    1480:	5d 9b       	sbis	0x0b, 5	; 11
    1482:	fe cf       	rjmp	.-4      	; 0x1480 <.L102>
    1484:	34 30       	cpi	r19, 0x04	; 4
    1486:	09 f4       	brne	.+2      	; 0x148a <.L103>
    1488:	50 98       	cbi	0x0a, 0	; 10

0000148a <.L103>:
    148a:	2c b9       	out	0x0c, r18	; 12
    148c:	e8 17       	cp	r30, r24
    148e:	f9 07       	cpc	r31, r25
    1490:	b1 f7       	brne	.-20     	; 0x147e <.L104>

00001492 <.L96>:
    1492:	2a 96       	adiw	r28, 0x0a	; 10
    1494:	0f b6       	in	r0, 0x3f	; 63
    1496:	f8 94       	cli
    1498:	de bf       	out	0x3e, r29	; 62
    149a:	0f be       	out	0x3f, r0	; 63
    149c:	cd bf       	out	0x3d, r28	; 61
    149e:	df 91       	pop	r29
    14a0:	cf 91       	pop	r28
    14a2:	08 95       	ret

000014a4 <.L98>:
    14a4:	5d 9b       	sbis	0x0b, 5	; 11
    14a6:	fe cf       	rjmp	.-4      	; 0x14a4 <.L98>
    14a8:	80 91 a1 01 	lds	r24, 0x01A1	; 0x8001a1 <GlobaleUart_Config+0x3>
    14ac:	84 30       	cpi	r24, 0x04	; 4
    14ae:	19 f0       	breq	.+6      	; 0x14b6 <.L112>

000014b0 <.L99>:
    14b0:	80 e3       	ldi	r24, 0x30	; 48
    14b2:	8c b9       	out	0x0c, r24	; 12
    14b4:	ee cf       	rjmp	.-36     	; 0x1492 <.L96>

000014b6 <.L112>:
    14b6:	50 98       	cbi	0x0a, 0	; 10
    14b8:	fb cf       	rjmp	.-10     	; 0x14b0 <.L99>

000014ba <main>:
    14ba:	0e 94 df 02 	call	0x5be	; 0x5be <SYSTEM_init>
    14be:	0e 94 31 01 	call	0x262	; 0x262 <MONITORING_update>

000014c2 <.L2>:
    14c2:	ff cf       	rjmp	.-2      	; 0x14c2 <.L2>

000014c4 <__umulhisi3>:
    14c4:	a2 9f       	mul	r26, r18

000014c6 <.Loc.1>:
    14c6:	b0 01       	movw	r22, r0

000014c8 <.Loc.2>:
    14c8:	b3 9f       	mul	r27, r19

000014ca <.Loc.3>:
    14ca:	c0 01       	movw	r24, r0

000014cc <.Loc.4>:
    14cc:	a3 9f       	mul	r26, r19

000014ce <.Loc.5>:
    14ce:	70 0d       	add	r23, r0

000014d0 <.Loc.6>:
    14d0:	81 1d       	adc	r24, r1

000014d2 <.Loc.7>:
    14d2:	11 24       	eor	r1, r1

000014d4 <.Loc.8>:
    14d4:	91 1d       	adc	r25, r1

000014d6 <.Loc.9>:
    14d6:	b2 9f       	mul	r27, r18

000014d8 <.Loc.10>:
    14d8:	70 0d       	add	r23, r0

000014da <.Loc.11>:
    14da:	81 1d       	adc	r24, r1

000014dc <.Loc.12>:
    14dc:	11 24       	eor	r1, r1

000014de <.Loc.13>:
    14de:	91 1d       	adc	r25, r1

000014e0 <.Loc.14>:
    14e0:	08 95       	ret

000014e2 <__udivmodsi4>:
    14e2:	a1 e2       	ldi	r26, 0x21	; 33

000014e4 <.Loc.1>:
    14e4:	1a 2e       	mov	r1, r26

000014e6 <.Loc.2>:
    14e6:	aa 1b       	sub	r26, r26

000014e8 <.Loc.3>:
    14e8:	bb 1b       	sub	r27, r27

000014ea <.Loc.4>:
    14ea:	fd 01       	movw	r30, r26

000014ec <.Loc.5>:
    14ec:	0d c0       	rjmp	.+26     	; 0x1508 <__udivmodsi4_ep>

000014ee <__udivmodsi4_loop>:
    14ee:	aa 1f       	adc	r26, r26

000014f0 <.Loc.7>:
    14f0:	bb 1f       	adc	r27, r27

000014f2 <.Loc.8>:
    14f2:	ee 1f       	adc	r30, r30

000014f4 <.Loc.9>:
    14f4:	ff 1f       	adc	r31, r31

000014f6 <.Loc.10>:
    14f6:	a2 17       	cp	r26, r18

000014f8 <.Loc.11>:
    14f8:	b3 07       	cpc	r27, r19

000014fa <.Loc.12>:
    14fa:	e4 07       	cpc	r30, r20

000014fc <.Loc.13>:
    14fc:	f5 07       	cpc	r31, r21

000014fe <.Loc.14>:
    14fe:	20 f0       	brcs	.+8      	; 0x1508 <__udivmodsi4_ep>

00001500 <.Loc.15>:
    1500:	a2 1b       	sub	r26, r18

00001502 <.Loc.16>:
    1502:	b3 0b       	sbc	r27, r19

00001504 <.Loc.17>:
    1504:	e4 0b       	sbc	r30, r20

00001506 <.Loc.18>:
    1506:	f5 0b       	sbc	r31, r21

00001508 <__udivmodsi4_ep>:
    1508:	66 1f       	adc	r22, r22

0000150a <.Loc.20>:
    150a:	77 1f       	adc	r23, r23

0000150c <.Loc.21>:
    150c:	88 1f       	adc	r24, r24

0000150e <.Loc.22>:
    150e:	99 1f       	adc	r25, r25

00001510 <.Loc.23>:
    1510:	1a 94       	dec	r1

00001512 <.Loc.24>:
    1512:	69 f7       	brne	.-38     	; 0x14ee <__udivmodsi4_loop>

00001514 <.Loc.25>:
    1514:	60 95       	com	r22

00001516 <.Loc.26>:
    1516:	70 95       	com	r23

00001518 <.Loc.27>:
    1518:	80 95       	com	r24

0000151a <.Loc.28>:
    151a:	90 95       	com	r25

0000151c <.Loc.29>:
    151c:	9b 01       	movw	r18, r22

0000151e <.Loc.30>:
    151e:	ac 01       	movw	r20, r24

00001520 <.Loc.31>:
    1520:	bd 01       	movw	r22, r26

00001522 <.Loc.32>:
    1522:	cf 01       	movw	r24, r30

00001524 <.Loc.33>:
    1524:	08 95       	ret

00001526 <_exit>:
    1526:	f8 94       	cli

00001528 <__stop_program>:
    1528:	ff cf       	rjmp	.-2      	; 0x1528 <__stop_program>
